https://rism.online/sources/1001248899,"fl, pno, db, va, ob"
https://rism.online/sources/1001227215,"fl, ob, db, va, vc, vl"
https://rism.online/sources/400196930,"cl, vc, vl"
https://rism.online/sources/400196263,"va, vc"
https://rism.online/sources/400216093,"db, va, cl, vc"
https://rism.online/sources/400216094,vc
https://rism.online/sources/400216120,"cl, fl, vl, ob"
https://rism.online/sources/400216166,ob
https://rism.online/sources/400216247,"cl, va"
https://rism.online/sources/400253234,vl
https://rism.online/sources/400253294,vl
https://rism.online/sources/402002576,"vl, pno, va, vc, fl"
https://rism.online/sources/402002586,"db, pno, ob, vc, fl"
https://rism.online/sources/402002595,"va, vc, vl, cl"
https://rism.online/sources/402002618,"cl, vc"
https://rism.online/sources/402002623,"ob, va, pno"
https://rism.online/sources/402002629,"va, vl, db"
https://rism.online/sources/402002658,"va, vc, db, ob"
https://rism.online/sources/402002664,"ob, cl"
https://rism.online/sources/402002667,"db, vl, vc"
https://rism.online/sources/402002687,"vc, va, ob, pno, vl"
https://rism.online/sources/402002690,"ob, fl"
https://rism.online/sources/402002695,"va, pno, ob, vl, db"
https://rism.online/sources/402002699,"cl, pno, vc, db"
https://rism.online/sources/402002703,"db, cl, fl, vl"
https://rism.online/sources/402002707,db
https://rism.online/sources/402002710,"vc, vl"
https://rism.online/sources/402002713,pno
https://rism.online/sources/402002716,"fl, cl, db, vc"
https://rism.online/sources/402002722,"vl, db, pno, ob, fl"
https://rism.online/sources/402002732,va
https://rism.online/sources/402002741,"vc, ob, vl, db, va, fl"
https://rism.online/sources/402002746,"vl, va, ob, fl, pno"
https://rism.online/sources/402002760,"vc, db, ob, fl"
https://rism.online/sources/402002766,vc
https://rism.online/sources/402002769,"fl, vc, db, cl, vl, pno"
https://rism.online/sources/402002776,"vc, ob, pno"
https://rism.online/sources/402002780,"pno, cl, ob, vc"
https://rism.online/sources/402002784,"cl, db, fl, vl, pno"
https://rism.online/sources/402002798,ob
https://rism.online/sources/402002803,va
https://rism.online/sources/402002811,cl
https://rism.online/sources/402002814,"ob, fl, pno"
https://rism.online/sources/402002818,"ob, fl, vc, db"
https://rism.online/sources/402002823,"cl, va"
https://rism.online/sources/402002842,"db, fl, pno, ob, cl, vl"
https://rism.online/sources/402003134,"db, fl, vc"
https://rism.online/sources/400196905,"va, pno"
https://rism.online/sources/400196195,"vl, va, fl, cl, db, vc"
https://rism.online/sources/400216125,"db, fl"
https://rism.online/sources/400216133,fl
https://rism.online/sources/400216180,vl
https://rism.online/sources/400216217,"ob, db, pno, cl"
https://rism.online/sources/400216219,"pno, va, ob, vc, fl, db"
https://rism.online/sources/400216221,"vl, db, ob, cl, vc, va"
https://rism.online/sources/400216235,"cl, pno, db"
https://rism.online/sources/400196184,"va, ob"
https://rism.online/sources/400196256,cl
https://rism.online/sources/402002829,"cl, pno"
https://rism.online/sources/402003062,"va, fl, vl, vc, cl, pno"
https://rism.online/sources/402003091,"pno, ob"
https://rism.online/sources/1001249133,"vc, vl, cl"
https://rism.online/sources/990010441,"pno, va, vl, fl, cl"
https://rism.online/sources/990008505,"vc, db, ob"
https://rism.online/sources/990010170,"vl, pno, va"
https://rism.online/sources/990010196,"vc, fl, vl"
https://rism.online/sources/990010201,"ob, cl, fl"
https://rism.online/sources/990010208,"vc, fl"
https://rism.online/sources/990010209,"vc, db, va"
https://rism.online/sources/990012319,"vl, cl"
https://rism.online/sources/990010588,"fl, ob, db, cl, va"
https://rism.online/sources/990010589,"va, vl, db, fl, cl, pno"
https://rism.online/sources/990010590,"ob, pno, cl, db, fl"
https://rism.online/sources/990013683,"fl, ob, va, vc, pno, db"
https://rism.online/sources/990013684,"vc, cl, fl, va, ob, db"
https://rism.online/sources/990015865,"pno, cl, ob, db, fl"
https://rism.online/sources/990016855,"va, vc, ob"
https://rism.online/sources/990015557,"va, vc"
https://rism.online/sources/990015559,"ob, fl, db"
https://rism.online/sources/990019172,"db, vl, va"
https://rism.online/sources/990017704,fl
https://rism.online/sources/990018763,"pno, vc, ob"
https://rism.online/sources/990020552,va
https://rism.online/sources/990018958,"cl, pno, db, va"
https://rism.online/sources/990018959,"fl, cl, vc, ob, db, va"
https://rism.online/sources/990022400,pno
https://rism.online/sources/990023132,"va, db, cl"
https://rism.online/sources/990023763,"vc, ob, db, cl"
https://rism.online/sources/990022150,"pno, vc"
https://rism.online/sources/990026466,"vl, va"
https://rism.online/sources/990027017,"pno, vl, cl, db, va"
https://rism.online/sources/990032313,"vl, cl, ob"
https://rism.online/sources/990032323,"pno, ob"
https://rism.online/sources/990028686,"pno, fl, ob, cl, vl, vc"
https://rism.online/sources/990032927,"vl, db, pno, fl, vc, va"
https://rism.online/sources/990032937,"va, db, pno"
https://rism.online/sources/990032602,"cl, vl, ob, fl, va"
https://rism.online/sources/990033654,"cl, ob, pno, fl, vl"
https://rism.online/sources/990033657,"ob, va, cl, vc, vl"
https://rism.online/sources/990033854,"ob, db, va, pno"
https://rism.online/sources/990034038,db
https://rism.online/sources/990034639,"vl, vc, pno"
https://rism.online/sources/990034640,"cl, ob, va, vl, db"
https://rism.online/sources/990034646,"pno, vl"
https://rism.online/sources/990034650,"db, vc, vl, pno, fl, va"
https://rism.online/sources/990034651,"ob, db, cl"
https://rism.online/sources/990035629,"vl, fl, va"
https://rism.online/sources/990035667,"va, pno, db, cl"
https://rism.online/sources/990035673,"va, vc"
https://rism.online/sources/990032498,"vc, fl, db, pno"
https://rism.online/sources/990032945,"vl, db, pno, va, fl"
https://rism.online/sources/990034409,"cl, db, vl, pno, vc"
https://rism.online/sources/990034093,"vc, vl, cl, fl"
https://rism.online/sources/990034527,pno
https://rism.online/sources/990034538,"ob, pno, cl, db, vc, fl"
https://rism.online/sources/990035249,"ob, fl, vc, db"
https://rism.online/sources/990035256,"pno, ob, db, vl, cl"
https://rism.online/sources/990035260,"db, cl, va"
https://rism.online/sources/990035261,"cl, ob, vc, db, fl, va"
https://rism.online/sources/990034359,"fl, vl"
https://rism.online/sources/990035640,"vl, fl, va, pno, cl"
https://rism.online/sources/990035649,"fl, va, vc, ob"
https://rism.online/sources/990035664,"va, vl, cl"
https://rism.online/sources/990038588,"ob, cl, va"
https://rism.online/sources/990040500,"fl, va, vl, cl, ob, vc"
https://rism.online/sources/990040516,"va, vc"
https://rism.online/sources/990041645,"vl, cl, va"
https://rism.online/sources/990041727,"vl, vc, ob"
https://rism.online/sources/990047581,"pno, fl, vc, vl, db, ob"
https://rism.online/sources/990043547,"db, fl, vl"
https://rism.online/sources/990043615,"db, pno, fl, cl"
https://rism.online/sources/990045980,"pno, vl, va, vc"
https://rism.online/sources/990048494,"vc, pno, db"
https://rism.online/sources/990048495,"va, pno, cl, vc, fl"
https://rism.online/sources/990048952,"cl, va, vc, pno, vl"
https://rism.online/sources/990049339,"vl, fl, cl, ob, pno"
https://rism.online/sources/990049342,"vl, cl, pno"
https://rism.online/sources/990049363,"cl, vc"
https://rism.online/sources/990049396,"fl, pno, va, ob, db, cl"
https://rism.online/sources/990049397,"fl, vc"
https://rism.online/sources/990053212,"ob, va"
https://rism.online/sources/990053562,"vl, vc, va"
https://rism.online/sources/990050685,"fl, cl"
https://rism.online/sources/990052440,"vc, fl, vl, va, pno, ob"
https://rism.online/sources/990052441,"va, cl, pno"
https://rism.online/sources/990052442,"db, ob, cl, fl, pno, vl"
https://rism.online/sources/990052443,"fl, db, va"
https://rism.online/sources/990053588,vc
https://rism.online/sources/990053593,"vc, va, fl, cl, db, vl"
https://rism.online/sources/990054880,"vl, db, ob, fl, vc, pno"
https://rism.online/sources/990055488,"vc, db, va, pno"
https://rism.online/sources/990055492,"cl, vl, vc"
https://rism.online/sources/990055497,"fl, va, ob, db, cl, pno"
https://rism.online/sources/990056204,"va, pno, vc, db, fl, ob"
https://rism.online/sources/990056224,"fl, vl, db, vc"
https://rism.online/sources/990056639,"ob, db, vc, cl, vl, va"
https://rism.online/sources/990060227,"va, vl, fl, pno"
https://rism.online/sources/990060160,"db, pno, vl, va, fl, ob"
https://rism.online/sources/990058801,"ob, pno, vc"
https://rism.online/sources/990058819,"vc, db, fl, va, pno, ob"
https://rism.online/sources/990058820,"fl, va, vc, vl, db"
https://rism.online/sources/990057519,"db, cl, vl, fl, pno, vc"
https://rism.online/sources/990057520,"db, cl, vl, fl"
https://rism.online/sources/990058158,"vl, va"
https://rism.online/sources/990058159,"cl, ob"
https://rism.online/sources/990058160,"fl, db, vl, vc"
https://rism.online/sources/990058351,"fl, db, vl, va, vc"
https://rism.online/sources/990058355,"db, vl, ob"
https://rism.online/sources/990058357,"cl, fl"
https://rism.online/sources/990058370,vc
https://rism.online/sources/990058372,"fl, vc, va"
https://rism.online/sources/990058401,"pno, va, vc, cl, vl"
https://rism.online/sources/990058405,"fl, cl"
https://rism.online/sources/990058423,ob
https://rism.online/sources/990058425,"pno, cl, ob, vc"
https://rism.online/sources/990062019,vc
https://rism.online/sources/990058435,"va, pno, fl, vc, db, cl"
https://rism.online/sources/990058439,"vl, cl"
https://rism.online/sources/990058446,"cl, ob, vc, pno"
https://rism.online/sources/990063594,"va, cl"
https://rism.online/sources/990057709,"va, fl, cl, vl, pno"
https://rism.online/sources/990017172,"vl, fl, pno, va, cl, ob"
https://rism.online/sources/990019228,"db, pno, cl, fl"
https://rism.online/sources/990021773,"fl, db, pno"
https://rism.online/sources/990025863,"fl, ob, vc, cl, db, pno"
https://rism.online/sources/990022294,"db, fl, cl, vl, va, vc"
https://rism.online/sources/990023087,"vc, ob, vl, db, pno, fl"
https://rism.online/sources/990026679,"cl, vl, ob, vc"
https://rism.online/sources/990025475,"pno, ob, vc, va, vl"
https://rism.online/sources/990028580,"fl, db, va, cl"
https://rism.online/sources/990032852,"fl, vl, pno, ob, cl, db"
https://rism.online/sources/990027641,"db, cl"
https://rism.online/sources/990032894,"pno, va, ob"
https://rism.online/sources/990033000,"vc, db, cl, pno, vl"
https://rism.online/sources/990034430,ob
https://rism.online/sources/990034913,"vl, ob"
https://rism.online/sources/990035617,"ob, db, vl, va, vc"
https://rism.online/sources/990035619,vc
https://rism.online/sources/990038238,"cl, ob, db, pno"
https://rism.online/sources/990039361,"vl, fl, va, vc, pno, ob"
https://rism.online/sources/990038595,vl
https://rism.online/sources/990038605,cl
https://rism.online/sources/990040613,"cl, vl"
https://rism.online/sources/990039100,"fl, vc, db, cl"
https://rism.online/sources/990045454,"va, cl, pno, vc, fl"
https://rism.online/sources/990047595,"pno, vl, va, vc, db, fl"
https://rism.online/sources/990048128,"cl, db"
https://rism.online/sources/990021880,"db, ob, vc, va"
https://rism.online/sources/990025854,va
https://rism.online/sources/990026220,"db, fl, va, pno, ob"
https://rism.online/sources/990026221,"pno, ob, fl"
https://rism.online/sources/990028263,cl
https://rism.online/sources/990032402,fl
https://rism.online/sources/990027655,"pno, cl"
https://rism.online/sources/990032957,pno
https://rism.online/sources/990034555,"cl, pno, va, db, ob"
https://rism.online/sources/990034612,"db, fl"
https://rism.online/sources/990034618,"fl, pno"
https://rism.online/sources/990034619,"ob, vl, cl, db"
https://rism.online/sources/990034855,"vl, vc, fl, va"
https://rism.online/sources/990033315,"ob, va, vc, fl, vl, pno"
https://rism.online/sources/990035024,"vc, db, vl"
https://rism.online/sources/990037721,"va, db, cl, fl, ob, vl"
https://rism.online/sources/990037417,"db, vl, fl, cl, ob"
https://rism.online/sources/990037452,"va, cl, ob, fl, vc, vl"
https://rism.online/sources/990037453,pno
https://rism.online/sources/990029197,db
https://rism.online/sources/990040138,vc
https://rism.online/sources/990038331,"vc, pno"
https://rism.online/sources/990038340,"db, fl"
https://rism.online/sources/990038341,"vl, pno, ob, fl, va"
https://rism.online/sources/990038569,pno
https://rism.online/sources/990038579,"vl, fl, vc, va, ob, pno"
https://rism.online/sources/990040564,"va, vl, cl, ob, db, pno"
https://rism.online/sources/990038622,"fl, vl"
https://rism.online/sources/990038632,"fl, db, pno"
https://rism.online/sources/990040779,"fl, vc, va, ob, vl"
https://rism.online/sources/990038879,"db, cl, vl, fl"
https://rism.online/sources/990038971,"db, fl, vl, vc"
https://rism.online/sources/990039033,"pno, fl, ob, va, cl"
https://rism.online/sources/990044327,"pno, va, fl, db, ob, cl"
https://rism.online/sources/990047626,"pno, vl, ob, va, fl"
https://rism.online/sources/990046045,"va, pno, vl, cl, db, vc"
https://rism.online/sources/990046064,"pno, va, db, vl, cl"
https://rism.online/sources/990050610,"vl, fl, cl, va, ob"
https://rism.online/sources/990053550,vc
https://rism.online/sources/990054743,"cl, pno, va, fl"
https://rism.online/sources/990050394,"vl, va"
https://rism.online/sources/990050519,"db, ob, pno, vl, fl"
https://rism.online/sources/990052797,"pno, va, vc, db, fl"
https://rism.online/sources/990001924,"db, vc, cl, va, fl, ob"
https://rism.online/sources/990002131,"vc, va, cl, fl, ob, vl"
https://rism.online/sources/990000262,"vc, db, va, cl, pno, vl"
https://rism.online/sources/990000450,"vc, pno, db, va"
https://rism.online/sources/990002801,vl
https://rism.online/sources/990006491,vc
https://rism.online/sources/990003240,"vl, fl, db, cl, vc, ob"
https://rism.online/sources/990003294,"fl, vc"
https://rism.online/sources/990003322,"db, vl, pno, vc, ob"
https://rism.online/sources/990005924,"va, vc, db, cl"
https://rism.online/sources/990003486,"db, vc, pno, cl"
https://rism.online/sources/990003500,"pno, vl, va"
https://rism.online/sources/990007130,"pno, db, vl, ob, fl, va"
https://rism.online/sources/990008751,"cl, fl"
https://rism.online/sources/990010244,"vl, db, va, ob, cl, pno"
https://rism.online/sources/990010330,"fl, ob, vc"
https://rism.online/sources/990008469,"vc, vl, db, ob"
https://rism.online/sources/990008494,"fl, ob, db, vc"
https://rism.online/sources/990008497,cl
https://rism.online/sources/990000106,"cl, va, vl"
https://rism.online/sources/990002955,"pno, cl, va"
https://rism.online/sources/990003029,"cl, vl, db, vc, pno, va"
https://rism.online/sources/990003030,"cl, db, vl, ob"
https://rism.online/sources/990003034,"cl, pno, vl"
https://rism.online/sources/990003047,"vc, fl, cl, db, vl, ob"
https://rism.online/sources/990003052,vc
https://rism.online/sources/990003058,"cl, vc, vl, ob"
https://rism.online/sources/990003067,"fl, va, vl, pno, cl, db"
https://rism.online/sources/990003076,"ob, db"
https://rism.online/sources/990003103,"ob, db, fl, vc, vl, pno"
https://rism.online/sources/990005546,"cl, ob, db, vl, vc"
https://rism.online/sources/990003224,"cl, db, vc"
https://rism.online/sources/990005784,"vc, pno"
https://rism.online/sources/990003280,"cl, pno, db, fl, vl"
https://rism.online/sources/990003315,"vl, pno, va"
https://rism.online/sources/990003325,"va, fl, cl, pno, db"
https://rism.online/sources/990003356,"vc, db, vl"
https://rism.online/sources/990003375,"db, vl, va, vc, ob"
https://rism.online/sources/990003437,"pno, vc, vl"
https://rism.online/sources/990003438,"fl, db"
https://rism.online/sources/990003439,"ob, vl, va, db, pno"
https://rism.online/sources/990003440,"vc, vl, db, va"
https://rism.online/sources/990003449,"vl, vc, ob"
https://rism.online/sources/990003450,pno
https://rism.online/sources/990007038,"pno, db, va"
https://rism.online/sources/990003506,"va, vc, db, pno, fl, vl"
https://rism.online/sources/990004660,"cl, vc, ob, pno, va"
https://rism.online/sources/990004677,"vc, fl, cl, pno, db"
https://rism.online/sources/990010486,"va, cl, db"
https://rism.online/sources/990011181,"db, pno, cl"
https://rism.online/sources/990011232,"cl, db, fl, vl, ob"
https://rism.online/sources/990009808,"pno, db, vl"
https://rism.online/sources/990011973,"fl, db, cl, pno"
https://rism.online/sources/990011648,"cl, vl, db"
https://rism.online/sources/990011654,"fl, pno, vl"
https://rism.online/sources/990011674,"ob, cl, fl, db, vl"
https://rism.online/sources/990013439,"vc, pno"
https://rism.online/sources/990012366,"va, cl, vc, vl"
https://rism.online/sources/990010531,"vc, fl"
https://rism.online/sources/990010537,"va, db, pno, cl"
https://rism.online/sources/990010547,"ob, pno, vl, vc, db, fl"
https://rism.online/sources/990013262,"pno, cl, va, db, ob"
https://rism.online/sources/990013750,"pno, va"
https://rism.online/sources/990015558,"vc, pno, ob, vl, db"
https://rism.online/sources/990017640,db
https://rism.online/sources/990019159,ob
https://rism.online/sources/990017174,db
https://rism.online/sources/990019929,"vc, fl"
https://rism.online/sources/990019932,"vl, vc, fl"
https://rism.online/sources/990018018,"cl, vc, fl, ob"
https://rism.online/sources/990020708,"vc, va, fl, db, ob, cl"
https://rism.online/sources/990020573,"va, fl, cl, vl, pno, db"
https://rism.online/sources/990015809,"db, cl"
https://rism.online/sources/990021029,"db, cl"
https://rism.online/sources/990021030,"va, fl"
https://rism.online/sources/990021124,"vc, pno, db"
https://rism.online/sources/990025585,"ob, va, db, pno, vl, vc"
https://rism.online/sources/990022808,vc
https://rism.online/sources/990024013,"vl, va"
https://rism.online/sources/990023303,"cl, vc, db"
https://rism.online/sources/990025846,vl
https://rism.online/sources/990025847,"va, vl, ob, fl, vc, db"
https://rism.online/sources/990022219,"db, pno, vl, cl"
https://rism.online/sources/990022235,"pno, vl, va, fl, cl, db"
https://rism.online/sources/990023910,"va, cl, pno, db, fl"
https://rism.online/sources/990025458,"ob, cl, va, vc"
https://rism.online/sources/990025483,"ob, db, vl, pno, cl, vc"
https://rism.online/sources/990027010,"ob, vl"
https://rism.online/sources/990027014,"pno, db, vc, cl, fl, va"
https://rism.online/sources/990027015,"cl, vl, va"
https://rism.online/sources/990027016,"db, fl, ob, cl, pno, vc"
https://rism.online/sources/990028039,vl
https://rism.online/sources/990035643,"ob, va, vl"
https://rism.online/sources/990035941,"cl, vl, va, db"
https://rism.online/sources/990037784,"va, vc, vl, ob, cl, pno"
https://rism.online/sources/990038587,vl
https://rism.online/sources/990040476,"va, vl, ob, pno, db, cl"
https://rism.online/sources/990041673,"va, ob, vc"
https://rism.online/sources/990041773,"pno, ob, vl, db, cl, va"
https://rism.online/sources/990040720,"db, cl, vl, fl, ob"
https://rism.online/sources/990040754,"ob, vl, pno, cl, db, vc"
https://rism.online/sources/990039753,vl
https://rism.online/sources/990039814,"ob, fl, pno"
https://rism.online/sources/990044958,"va, ob, cl, vc, pno, vl"
https://rism.online/sources/990043265,"vc, va, db, cl, ob, fl"
https://rism.online/sources/990049122,"vl, pno, cl, vc, va, fl"
https://rism.online/sources/990049417,"pno, cl"
https://rism.online/sources/990049581,"vl, ob"
https://rism.online/sources/990049603,"vc, db, cl, va"
https://rism.online/sources/990053752,"db, ob"
https://rism.online/sources/990003043,ob
https://rism.online/sources/990003083,"va, pno, vl, vc, cl, fl"
https://rism.online/sources/990003088,"pno, va, cl, db"
https://rism.online/sources/990003099,"db, cl, vc, pno, vl, ob"
https://rism.online/sources/990003110,"db, ob, cl, va"
https://rism.online/sources/990005756,"fl, vl, db, ob, pno, va"
https://rism.online/sources/990005861,"db, pno, va, ob"
https://rism.online/sources/990003435,pno
https://rism.online/sources/990003436,ob
https://rism.online/sources/990006862,"vc, pno, fl, vl"
https://rism.online/sources/990007338,vc
https://rism.online/sources/990004877,"va, vl, fl, ob, cl"
https://rism.online/sources/990005060,"pno, db, va, ob"
https://rism.online/sources/990008634,vl
https://rism.online/sources/990008411,db
https://rism.online/sources/990008453,"va, vl, pno, db, ob"
https://rism.online/sources/990009502,"ob, cl, db, vc, va, vl"
https://rism.online/sources/990008490,"fl, pno, db"
https://rism.online/sources/990011146,"cl, fl, vl, pno, ob"
https://rism.online/sources/990011163,fl
https://rism.online/sources/990011186,"pno, cl, db, fl, vc, va"
https://rism.online/sources/990009725,cl
https://rism.online/sources/990012635,"vl, db"
https://rism.online/sources/990012084,"pno, cl, db, va"
https://rism.online/sources/990010140,"vl, cl, vc, va, ob"
https://rism.online/sources/990010142,"pno, vl, cl, va"
https://rism.online/sources/990010151,fl
https://rism.online/sources/990010175,"pno, cl, va, db"
https://rism.online/sources/990011736,fl
https://rism.online/sources/990013485,"va, fl, cl, pno, vl, vc"
https://rism.online/sources/990012490,"ob, cl, vl, pno"
https://rism.online/sources/990013670,"fl, cl, va, vc, db, pno"
https://rism.online/sources/990013356,"vc, pno"
https://rism.online/sources/990014022,vl
https://rism.online/sources/990016730,db
https://rism.online/sources/990016873,"cl, vl"
https://rism.online/sources/990015483,"vc, va"
https://rism.online/sources/990017554,vl
https://rism.online/sources/990019225,"fl, vl"
https://rism.online/sources/990019226,db
https://rism.online/sources/990019227,"db, va, pno, vl, fl"
https://rism.online/sources/990018542,ob
https://rism.online/sources/990020270,"va, vc, cl, vl, fl, pno"
https://rism.online/sources/990020738,"pno, ob, fl"
https://rism.online/sources/990023157,va
https://rism.online/sources/990023164,"vc, db, cl, pno, ob"
https://rism.online/sources/990021749,fl
https://rism.online/sources/990022905,"vl, vc, pno, va"
https://rism.online/sources/990021872,"vc, db, va"
https://rism.online/sources/990025819,ob
https://rism.online/sources/990025827,"ob, va, vl, cl, db"
https://rism.online/sources/990025828,"va, cl, db, ob, pno"
https://rism.online/sources/990025829,"vl, fl"
https://rism.online/sources/990025830,"pno, cl, ob"
https://rism.online/sources/990025895,"ob, vl, cl, fl"
https://rism.online/sources/990023783,"cl, vl, va"
https://rism.online/sources/990026143,"vc, cl"
https://rism.online/sources/990031708,pno
https://rism.online/sources/990031710,"fl, pno, vl, va, cl, db"
https://rism.online/sources/990031713,"cl, pno, ob, fl, va, vl"
https://rism.online/sources/990031719,"fl, cl, va, ob, db"
https://rism.online/sources/990031728,"cl, va"
https://rism.online/sources/990031732,"va, cl"
https://rism.online/sources/990027542,"va, vc, ob, fl, cl"
https://rism.online/sources/990032381,"db, fl, cl, pno, vc"
https://rism.online/sources/990002805,"vc, db, cl, va"
https://rism.online/sources/990002878,"ob, vl, cl"
https://rism.online/sources/990003093,cl
https://rism.online/sources/990003114,"cl, fl, va, db, vl, pno"
https://rism.online/sources/990003119,vl
https://rism.online/sources/990003241,"pno, vl"
https://rism.online/sources/990003244,"ob, fl, db, vl"
https://rism.online/sources/990003257,"vc, cl, db, ob, pno, fl"
https://rism.online/sources/990003258,"ob, cl, vc"
https://rism.online/sources/990003305,"vl, fl"
https://rism.online/sources/990003309,"cl, pno, va, vc, fl"
https://rism.online/sources/990003357,"fl, db, va, cl"
https://rism.online/sources/990003358,"ob, vl, fl, va, cl"
https://rism.online/sources/990003455,"vl, va, vc"
https://rism.online/sources/990003476,cl
https://rism.online/sources/990004692,"pno, fl, db, ob"
https://rism.online/sources/990004693,va
https://rism.online/sources/990004694,"pno, db, fl, va"
https://rism.online/sources/990004695,"fl, vl, cl, vc"
https://rism.online/sources/990004699,"va, vc"
https://rism.online/sources/990005037,"vc, fl, cl"
https://rism.online/sources/990005054,"ob, db, vc, cl"
https://rism.online/sources/990004306,"cl, ob, fl, va, vc, vl"
https://rism.online/sources/990010346,vl
https://rism.online/sources/990010373,"db, vl, pno, fl, ob, cl"
https://rism.online/sources/990010388,"db, ob"
https://rism.online/sources/990010412,"cl, ob, fl, db, pno, va"
https://rism.online/sources/990011060,"va, vc, pno, db"
https://rism.online/sources/990011063,pno
https://rism.online/sources/990011114,"vc, va, fl, cl"
https://rism.online/sources/990011130,fl
https://rism.online/sources/990011949,"vl, ob, db, pno, cl"
https://rism.online/sources/990012018,db
https://rism.online/sources/990012286,"vl, fl, vc, ob, va, pno"
https://rism.online/sources/990012425,vl
https://rism.online/sources/990013022,"db, pno"
https://rism.online/sources/990010890,"vc, db, pno, fl, va"
https://rism.online/sources/990015108,"cl, vc, va, db"
https://rism.online/sources/990016083,cl
https://rism.online/sources/990016144,"vc, pno, cl"
https://rism.online/sources/990016746,va
https://rism.online/sources/990016757,"cl, vc, pno, fl"
https://rism.online/sources/990019896,"fl, vc, vl, ob, db"
https://rism.online/sources/990000260,"ob, fl, db, vl"
https://rism.online/sources/990000261,"vc, vl, va, pno, cl, db"
https://rism.online/sources/990003487,"fl, cl, pno, vc"
https://rism.online/sources/990003516,"fl, vc"
https://rism.online/sources/990013700,"vc, va, cl, vl, pno"
https://rism.online/sources/990013320,"db, pno, fl, cl, vl"
https://rism.online/sources/990013405,"vc, va, cl, pno, ob"
https://rism.online/sources/990013406,"ob, vc, db, va"
https://rism.online/sources/990013966,vl
https://rism.online/sources/990018374,"va, ob, cl"
https://rism.online/sources/990019796,fl
https://rism.online/sources/990025850,"va, db, vl, vc, cl, ob"
https://rism.online/sources/990025865,"db, vl, pno, ob"
https://rism.online/sources/990025867,"pno, vl, cl, ob"
https://rism.online/sources/990025868,"vc, pno, db"
https://rism.online/sources/990021969,"va, vl, vc"
https://rism.online/sources/990021990,"db, vc, pno"
https://rism.online/sources/990023680,"vc, va, pno, db, fl, ob"
https://rism.online/sources/990026197,fl
https://rism.online/sources/990023098,"cl, fl, ob"
https://rism.online/sources/990027012,"ob, va, vc, pno, db"
https://rism.online/sources/990027013,"va, pno, vl"
https://rism.online/sources/990058417,"cl, pno, va, vl, fl"
https://rism.online/sources/990063593,"fl, vl, ob, db, cl"
https://rism.online/sources/990067593,"fl, va, vl, vc, pno"
https://rism.online/sources/990070010,"vl, ob, db, pno, cl"
https://rism.online/sources/990070031,"ob, vl, db"
https://rism.online/sources/990070311,ob
https://rism.online/sources/991005799,va
https://rism.online/sources/991004436,fl
https://rism.online/sources/991013973,"fl, ob, va, pno, db, vl"
https://rism.online/sources/991013975,fl
https://rism.online/sources/992006443,"vl, pno, fl, vc, cl, db"
https://rism.online/sources/992006445,"fl, cl, pno, db"
https://rism.online/sources/992006447,"pno, va, vl, vc, fl, ob"
https://rism.online/sources/992006449,"cl, va"
https://rism.online/sources/992004400,"fl, vc"
https://rism.online/sources/990035605,"db, cl, pno"
https://rism.online/sources/990041759,"db, vl"
https://rism.online/sources/990038657,"va, fl"
https://rism.online/sources/990038667,pno
https://rism.online/sources/990041423,"vl, cl"
https://rism.online/sources/990042167,"vc, vl, ob, db, pno"
https://rism.online/sources/990047702,"vl, vc, db"
https://rism.online/sources/990042542,"vc, cl, vl, va, fl"
https://rism.online/sources/990042543,"va, ob, vc, vl, pno, fl"
https://rism.online/sources/990042558,"pno, ob, vl, va, fl, vc"
https://rism.online/sources/990045983,"db, va, ob, fl, vl"
https://rism.online/sources/990043660,"ob, fl, pno, vl"
https://rism.online/sources/990046784,"vl, pno, ob, vc, va, db"
https://rism.online/sources/990048743,"db, pno"
https://rism.online/sources/990048967,"fl, db"
https://rism.online/sources/990048972,"vl, fl"
https://rism.online/sources/990050299,"va, pno, cl, vc"
https://rism.online/sources/990050308,"pno, fl"
https://rism.online/sources/990054709,"pno, vc, cl, fl, va, db"
https://rism.online/sources/990054711,"db, cl, ob, fl, vl"
https://rism.online/sources/990054719,"pno, vl, fl, cl"
https://rism.online/sources/990054234,va
https://rism.online/sources/990056206,va
https://rism.online/sources/990056218,"va, pno, fl"
https://rism.online/sources/990056220,"fl, ob, vl"
https://rism.online/sources/990056223,"ob, db, cl, fl"
https://rism.online/sources/990056239,"va, ob, pno, vl, vc, db"
https://rism.online/sources/990056240,"db, va, pno, cl, vl, fl"
https://rism.online/sources/990056251,"vl, db, fl"
https://rism.online/sources/990056705,"vc, ob, va, db"
https://rism.online/sources/990057209,"db, fl, va, vc, ob"
https://rism.online/sources/990057221,"va, ob, db, fl, cl"
https://rism.online/sources/990057226,"fl, pno, va, cl, ob"
https://rism.online/sources/990058605,"pno, db, cl"
https://rism.online/sources/990061092,"vl, db, va, pno, fl"
https://rism.online/sources/990061299,pno
https://rism.online/sources/990061403,"vc, cl, va, ob, db, vl"
https://rism.online/sources/990061428,cl
https://rism.online/sources/990061496,"ob, fl, cl, vl, db, vc"
https://rism.online/sources/990058149,"vl, pno"
https://rism.online/sources/990058154,pno
https://rism.online/sources/990058155,"va, vc"
https://rism.online/sources/990058177,"db, vl, vc"
https://rism.online/sources/990058178,"fl, vl, vc, db"
https://rism.online/sources/990058180,"fl, cl"
https://rism.online/sources/990058361,"va, pno, ob, vc"
https://rism.online/sources/990058362,"vl, fl, pno, db"
https://rism.online/sources/990058366,va
https://rism.online/sources/990058386,"va, db, vl, cl"
https://rism.online/sources/990058389,"vc, vl, db"
https://rism.online/sources/990058390,"ob, vc"
https://rism.online/sources/990058394,"db, vc, va, pno, ob, fl"
https://rism.online/sources/990058396,"fl, pno, vc"
https://rism.online/sources/990058398,"fl, vl"
https://rism.online/sources/990058440,fl
https://rism.online/sources/990059230,vc
https://rism.online/sources/990062247,"pno, db, cl, ob, vc, vl"
https://rism.online/sources/990065266,"va, vc, fl, db, ob"
https://rism.online/sources/990065267,va
https://rism.online/sources/990065312,"pno, vc"
https://rism.online/sources/990065496,"vc, ob, va, pno, db"
https://rism.online/sources/990066119,vc
https://rism.online/sources/990067644,"db, ob"
https://rism.online/sources/990072462,"vc, pno"
https://rism.online/sources/990072486,vl
https://rism.online/sources/990048421,"va, pno, db"
https://rism.online/sources/990046898,"vc, db, cl"
https://rism.online/sources/990049257,"pno, cl, db, ob, vc"
https://rism.online/sources/990049360,"vl, vc, fl, va, db"
https://rism.online/sources/990053208,"db, pno, vc, ob, fl"
https://rism.online/sources/990050211,"va, vc, ob"
https://rism.online/sources/990054662,"fl, db, pno, cl, vc, va"
https://rism.online/sources/990053574,"va, vl, ob, cl, vc"
https://rism.online/sources/990058795,"db, vc"
https://rism.online/sources/990061462,ob
https://rism.online/sources/990061673,"cl, va, ob, fl, db, vc"
https://rism.online/sources/990068784,"va, cl, ob, fl, db, vl"
https://rism.online/sources/990071903,"va, db, ob, cl, vl"
https://rism.online/sources/990069506,"vl, cl"
https://rism.online/sources/991004351,fl
https://rism.online/sources/991012802,"va, db"
https://rism.online/sources/991014804,"va, vc"
https://rism.online/sources/991014022,db
https://rism.online/sources/991014108,"ob, vl, fl, db"
https://rism.online/sources/991007707,"pno, db, fl, cl, vc"
https://rism.online/sources/991016617,"pno, vl, vc, va, ob"
https://rism.online/sources/991016618,"db, vc, cl, pno, fl"
https://rism.online/sources/991016649,fl
https://rism.online/sources/991018812,"vc, cl, vl, db, fl"
https://rism.online/sources/991018813,"vc, vl"
https://rism.online/sources/990050423,"cl, ob"
https://rism.online/sources/990052795,"ob, cl, pno, vc, vl"
https://rism.online/sources/990055495,"vc, vl, fl, cl, ob"
https://rism.online/sources/990056709,"vl, cl, vc, va"
https://rism.online/sources/990061331,"ob, cl"
https://rism.online/sources/990063662,"fl, va, pno"
https://rism.online/sources/990064835,"db, ob, cl, pno, va, vl"
https://rism.online/sources/990064838,"vl, vc, fl"
https://rism.online/sources/990064842,"vc, fl, va, ob"
https://rism.online/sources/990064845,"vl, va, pno, cl, vc"
https://rism.online/sources/990066523,"fl, db, vl, va"
https://rism.online/sources/990071803,"db, cl"
https://rism.online/sources/990071189,va
https://rism.online/sources/990071894,"cl, vc, fl, va"
https://rism.online/sources/990069913,pno
https://rism.online/sources/991015568,"cl, db, vl, va, fl"
https://rism.online/sources/991019649,"vl, db"
https://rism.online/sources/991015929,"db, ob, va, vc, fl"
https://rism.online/sources/992002868,"va, cl, vc, ob"
https://rism.online/sources/991029880,"pno, fl, vc, ob, vl"
https://rism.online/sources/992001756,ob
https://rism.online/sources/992001841,"cl, va, fl, vc, db, vl"
https://rism.online/sources/992001876,"vl, db"
https://rism.online/sources/992002401,"pno, vl, ob"
https://rism.online/sources/992006454,"pno, db, vc, vl, fl"
https://rism.online/sources/992004384,"vl, ob"
https://rism.online/sources/990043645,"db, pno, fl"
https://rism.online/sources/990046795,vl
https://rism.online/sources/990046827,"pno, vc, va, cl, db, ob"
https://rism.online/sources/990053580,"va, pno, db, fl"
https://rism.online/sources/990055401,"va, fl"
https://rism.online/sources/990057184,"vc, va, ob, pno, db"
https://rism.online/sources/990060097,"vl, fl, pno, ob, db, vc"
https://rism.online/sources/990058379,"fl, ob, pno, db"
https://rism.online/sources/990062016,"vl, va"
https://rism.online/sources/990058429,vc
https://rism.online/sources/990063704,"vl, fl, va, ob"
https://rism.online/sources/990063779,"vc, ob, vl, fl"
https://rism.online/sources/990064045,pno
https://rism.online/sources/990062255,"va, ob, vl"
https://rism.online/sources/990065234,"vl, ob, db, fl, pno, cl"
https://rism.online/sources/990065265,"cl, fl"
https://rism.online/sources/990066904,"pno, ob, cl, vc"
https://rism.online/sources/990068786,"vc, db"
https://rism.online/sources/990068787,"va, ob"
https://rism.online/sources/990072347,vl
https://rism.online/sources/990068879,"fl, cl, pno"
https://rism.online/sources/990072696,"pno, cl"
https://rism.online/sources/990069216,"vc, va, cl"
https://rism.online/sources/990071497,"va, fl, db, vl"
https://rism.online/sources/990071498,vc
https://rism.online/sources/990069062,"vc, ob, cl, va, pno, vl"
https://rism.online/sources/990070555,vc
https://rism.online/sources/991012800,"ob, va, db, vc, cl, pno"
https://rism.online/sources/991017910,"db, ob, vl, vc, cl"
https://rism.online/sources/991017911,"cl, pno, vl, ob"
https://rism.online/sources/992003685,"cl, ob, db"
https://rism.online/sources/992003936,"fl, vc"
https://rism.online/sources/990054348,vc
https://rism.online/sources/990056734,"va, fl, ob, vc, db"
https://rism.online/sources/990056895,"vc, vl, cl, pno"
https://rism.online/sources/990058376,vc
https://rism.online/sources/990058381,"cl, va"
https://rism.online/sources/990058413,"vc, ob, fl, cl"
https://rism.online/sources/990062298,"vl, cl, fl, vc"
https://rism.online/sources/990066838,"va, ob, vl, cl"
https://rism.online/sources/990066839,db
https://rism.online/sources/990071989,"ob, fl, vc"
https://rism.online/sources/990072595,pno
https://rism.online/sources/990072278,"pno, cl"
https://rism.online/sources/990070048,"vc, db, va, fl"
https://rism.online/sources/990073074,"db, vc, vl, pno"
https://rism.online/sources/990073091,"pno, vc, vl, ob, db, cl"
https://rism.online/sources/990069665,"db, vc, vl"
https://rism.online/sources/991003923,cl
https://rism.online/sources/991014002,"ob, cl, db, fl, pno, va"
https://rism.online/sources/991018569,"pno, vl, vc, fl, db"
https://rism.online/sources/991018574,"db, cl, ob, fl, va"
https://rism.online/sources/991018583,ob
https://rism.online/sources/991017784,"pno, ob, cl, vl, va, fl"
https://rism.online/sources/991017620,"vl, ob"
https://rism.online/sources/991019289,"db, pno, va, fl"
https://rism.online/sources/991018336,"ob, vc, fl, db, vl"
https://rism.online/sources/991015763,"ob, pno, cl, vc"
https://rism.online/sources/991019226,"vl, pno"
https://rism.online/sources/991020066,"db, vl, pno, va, ob"
https://rism.online/sources/991018317,"db, cl"
https://rism.online/sources/991021308,fl
https://rism.online/sources/992001882,ob
https://rism.online/sources/992001888,"db, vl, vc, pno, va"
https://rism.online/sources/992001892,"pno, vl"
https://rism.online/sources/992003688,"ob, cl, db"
https://rism.online/sources/992003689,"vl, pno, vc, fl"
https://rism.online/sources/992003705,"cl, va, vc, pno, vl, ob"
https://rism.online/sources/992004225,vl
https://rism.online/sources/992005164,vc
https://rism.online/sources/991021779,"db, ob, fl"
https://rism.online/sources/991029881,"ob, db, fl, va, vc, pno"
https://rism.online/sources/992001802,"fl, vl, vc, va, cl, pno"
https://rism.online/sources/992001817,"pno, va, db, vl, vc, fl"
https://rism.online/sources/992003303,"pno, db, cl, vl, fl"
https://rism.online/sources/991018833,"pno, ob, fl"
https://rism.online/sources/992005356,"cl, pno"
https://rism.online/sources/992005357,"cl, fl, va"
https://rism.online/sources/992006840,"cl, fl, db, ob, vl, vc"
https://rism.online/sources/992006969,"cl, pno, db, ob, vl, vc"
https://rism.online/sources/992000890,"vl, ob, db, va, fl"
https://rism.online/sources/992006451,db
https://rism.online/sources/992000521,"pno, va"
https://rism.online/sources/1001208306,"fl, cl, va, pno"
https://rism.online/sources/1001208689,fl
https://rism.online/sources/1001208690,"fl, cl"
https://rism.online/sources/1001208691,"ob, db, pno"
https://rism.online/sources/1001228507,"fl, vl, db, va"
https://rism.online/sources/990000654,"fl, cl, vc"
https://rism.online/sources/990001184,"fl, ob, cl, vl, va, vc"
https://rism.online/sources/990002861,db
https://rism.online/sources/990003028,"fl, va"
https://rism.online/sources/990003033,"vc, ob, fl, db, va, pno"
https://rism.online/sources/990003038,vl
https://rism.online/sources/990003049,"ob, vc, vl, cl"
https://rism.online/sources/400196224,vc
https://rism.online/sources/400196230,"vc, va, db"
https://rism.online/sources/400196232,"vc, ob, fl, pno, vl"
https://rism.online/sources/400196235,"ob, cl, vl, vc"
https://rism.online/sources/400196237,"ob, fl, db, cl, va, vl"
https://rism.online/sources/400196246,db
https://rism.online/sources/400196249,"vc, fl"
https://rism.online/sources/400196250,cl
https://rism.online/sources/400196251,vc
https://rism.online/sources/400196254,"vl, ob, vc"
https://rism.online/sources/400216107,"cl, db, ob, va, fl"
https://rism.online/sources/400216108,"va, pno, ob, cl, vl, db"
https://rism.online/sources/400216110,pno
https://rism.online/sources/400216114,"va, db, ob, pno"
https://rism.online/sources/400216118,"fl, cl, pno, db"
https://rism.online/sources/400216197,"vc, pno, fl, cl, va, vl"
https://rism.online/sources/400216203,vl
https://rism.online/sources/400216204,"cl, vl, ob, pno, vc"
https://rism.online/sources/400216205,"vl, cl"
https://rism.online/sources/400216206,"cl, ob, va, vc"
https://rism.online/sources/400216207,"pno, cl, ob"
https://rism.online/sources/400216208,pno
https://rism.online/sources/400216209,"cl, va, db, pno"
https://rism.online/sources/400216210,"db, vl, vc"
https://rism.online/sources/400216211,pno
https://rism.online/sources/400216212,"va, vc, cl, db"
https://rism.online/sources/400216213,"pno, va, fl, vl"
https://rism.online/sources/400216214,"fl, va, vc, cl, pno, ob"
https://rism.online/sources/400216215,"vl, ob, cl, vc"
https://rism.online/sources/400216216,va
https://rism.online/sources/402002579,"vc, va, ob, db"
https://rism.online/sources/402002580,"ob, vc, vl"
https://rism.online/sources/402002581,cl
https://rism.online/sources/402002582,"pno, ob, vl, db, va"
https://rism.online/sources/402002583,"ob, cl"
https://rism.online/sources/402002584,"fl, ob, vc, pno, cl"
https://rism.online/sources/402002585,"fl, cl, pno, vc, db"
https://rism.online/sources/402002589,"vc, vl, db, ob"
https://rism.online/sources/402002593,"vl, db"
https://rism.online/sources/402002594,fl
https://rism.online/sources/402002599,"cl, va, ob, vl, pno, db"
https://rism.online/sources/402002600,va
https://rism.online/sources/402002601,"db, pno"
https://rism.online/sources/402002602,"va, cl, vl, db"
https://rism.online/sources/402002603,"va, db"
https://rism.online/sources/402002604,"db, cl, vl, ob, va, pno"
https://rism.online/sources/402002605,"db, pno, cl, vc"
https://rism.online/sources/402002606,"vc, vl"
https://rism.online/sources/402002607,"va, vl, cl"
https://rism.online/sources/402002608,vl
https://rism.online/sources/402002609,"db, vl, va"
https://rism.online/sources/402002610,va
https://rism.online/sources/402002611,"db, vc, cl"
https://rism.online/sources/402002612,"ob, cl, fl, vl, va, db"
https://rism.online/sources/402002613,fl
https://rism.online/sources/402002614,"cl, db, vl, ob"
https://rism.online/sources/402002615,"ob, fl, db"
https://rism.online/sources/402002616,"fl, cl, ob, pno, vl, vc"
https://rism.online/sources/402002617,"cl, va, vl"
https://rism.online/sources/402002622,"fl, vc, cl, pno"
https://rism.online/sources/402002626,va
https://rism.online/sources/402002627,ob
https://rism.online/sources/402002628,pno
https://rism.online/sources/402002632,"db, fl, ob, cl"
https://rism.online/sources/402002633,"ob, db"
https://rism.online/sources/402002634,db
https://rism.online/sources/402002635,"pno, ob, va, db"
https://rism.online/sources/402002636,"vl, cl"
https://rism.online/sources/402002637,"cl, pno, fl, va, db"
https://rism.online/sources/402002638,"va, db"
https://rism.online/sources/402002639,"ob, fl, vl"
https://rism.online/sources/402002657,"cl, va, db"
https://rism.online/sources/402002663,db
https://rism.online/sources/402002673,"fl, va, db, ob, cl, vl"
https://rism.online/sources/402002674,"va, vl, cl"
https://rism.online/sources/402002675,"fl, db, ob, va, vc, pno"
https://rism.online/sources/402002676,vl
https://rism.online/sources/402002677,pno
https://rism.online/sources/402002678,"pno, vc"
https://rism.online/sources/402002679,db
https://rism.online/sources/402002680,ob
https://rism.online/sources/402002681,"vc, va, cl"
https://rism.online/sources/402002682,"pno, db, cl"
https://rism.online/sources/402002683,"pno, db, fl, vl, va, cl"
https://rism.online/sources/402002684,"db, vc"
https://rism.online/sources/402002685,va
https://rism.online/sources/402002686,pno
https://rism.online/sources/402002694,"fl, pno, db, vl, va"
https://rism.online/sources/402002698,"ob, db, cl"
https://rism.online/sources/402002702,"vl, db, va, ob, vc, cl"
https://rism.online/sources/402002706,"cl, ob, va"
https://rism.online/sources/402002719,"db, pno, vc, va, ob, vl"
https://rism.online/sources/402002720,"pno, db, va, cl, ob, vc"
https://rism.online/sources/402002721,"cl, fl, db, va, pno"
https://rism.online/sources/402002727,"fl, db, va, vc"
https://rism.online/sources/402002728,"fl, vc, cl, vl, ob"
https://rism.online/sources/402002729,"db, vc, cl"
https://rism.online/sources/402002730,"fl, cl, vc"
https://rism.online/sources/402002731,"vc, db, va"
https://rism.online/sources/402002735,"va, pno, cl"
https://rism.online/sources/402002736,"ob, vc, va, db"
https://rism.online/sources/402002737,"pno, vl, cl, va, fl, vc"
https://rism.online/sources/402002738,"va, cl, vc, fl, vl"
https://rism.online/sources/402002744,"db, ob, fl"
https://rism.online/sources/402002745,"db, pno"
https://rism.online/sources/402002759,"fl, db"
https://rism.online/sources/402002763,"cl, va, ob, pno, vl"
https://rism.online/sources/402002764,"vc, db, vl, va, cl, pno"
https://rism.online/sources/402002765,"ob, va, vl, fl, db, vc"
https://rism.online/sources/402002774,"ob, pno"
https://rism.online/sources/402002775,ob
https://rism.online/sources/402002779,"db, vc, pno, fl, vl"
https://rism.online/sources/402002787,va
https://rism.online/sources/402002788,"vc, db, pno, ob, fl, va"
https://rism.online/sources/402002789,"ob, pno, fl"
https://rism.online/sources/402002790,"db, vl"
https://rism.online/sources/402002791,"fl, vc, ob"
https://rism.online/sources/402002792,"pno, cl, va, db"
https://rism.online/sources/402002793,"fl, vc, ob"
https://rism.online/sources/402002794,"ob, cl, va"
https://rism.online/sources/402002795,"pno, fl, db, va, vl, vc"
https://rism.online/sources/402002796,"fl, va"
https://rism.online/sources/402002797,"ob, pno, vc, db, cl, fl"
https://rism.online/sources/402002801,"pno, cl, fl, vc, va"
https://rism.online/sources/402002802,"va, ob"
https://rism.online/sources/402002806,"pno, va, fl, vc"
https://rism.online/sources/402002807,"vl, va, cl, ob"
https://rism.online/sources/402002808,"vc, ob, va, vl"
https://rism.online/sources/402002809,"ob, vc, pno, cl, db, vl"
https://rism.online/sources/402002810,"pno, db, ob, va, vl"
https://rism.online/sources/402002817,db
https://rism.online/sources/402002821,"db, pno, vc, cl"
https://rism.online/sources/402002822,"va, vc"
https://rism.online/sources/402002888,"db, vc, ob, va, fl, pno"
https://rism.online/sources/402002935,"vc, va"
https://rism.online/sources/402003025,"va, db, fl, vl, cl"
https://rism.online/sources/402003066,ob
https://rism.online/sources/402003067,"va, db, ob, pno, vc"
https://rism.online/sources/402003069,"vc, pno, ob, cl"
https://rism.online/sources/402003070,ob
https://rism.online/sources/402003071,"pno, fl, cl"
https://rism.online/sources/402003102,"vc, pno, fl, va, db"
https://rism.online/sources/402003103,"fl, ob, db, va"
https://rism.online/sources/402003104,"pno, cl, va, db, fl, ob"
https://rism.online/sources/402003111,"vc, fl, va"
https://rism.online/sources/402003115,"cl, vc, ob, vl, pno, db"
https://rism.online/sources/402003124,"pno, va, db, vl"
https://rism.online/sources/402003126,"db, pno"
https://rism.online/sources/402003127,"ob, pno, vc, vl"
https://rism.online/sources/402003130,"va, vc, ob"
https://rism.online/sources/402003131,"vc, db"
https://rism.online/sources/402003132,"vl, ob, db, va"
https://rism.online/sources/402003133,pno
https://rism.online/sources/402003144,vc
https://rism.online/sources/402003145,"cl, db, fl, vl, pno"
https://rism.online/sources/402003150,vc
https://rism.online/sources/402003170,"cl, va"
https://rism.online/sources/400167112,"ob, vl, vc, db, fl, pno"
https://rism.online/sources/400196194,"fl, va, pno, cl, vc, vl"
https://rism.online/sources/400196226,"db, pno, fl, cl, va"
https://rism.online/sources/400196234,"ob, db, pno, vl, vc, va"
https://rism.online/sources/400196238,"pno, fl, cl, va"
https://rism.online/sources/400196241,"pno, vl, ob"
https://rism.online/sources/400196243,"vl, cl, ob, pno"
https://rism.online/sources/400196253,"cl, va, pno, vc"
https://rism.online/sources/400196265,"ob, db, va, pno, fl"
https://rism.online/sources/400216090,"va, pno, fl, vl, vc"
https://rism.online/sources/400216091,"fl, vc, cl, db"
https://rism.online/sources/400216092,"vc, db, pno, va, vl"
https://rism.online/sources/400216116,"db, va, vc"
https://rism.online/sources/400216117,"vc, vl"
https://rism.online/sources/400216123,"cl, vl, db, fl, va, vc"
https://rism.online/sources/400216124,"cl, db, ob, pno"
https://rism.online/sources/400216132,"vc, fl, db, ob, vl, va"
https://rism.online/sources/400216193,"pno, ob, db, va, vl"
https://rism.online/sources/400216198,"ob, vl, cl, db, fl"
https://rism.online/sources/400216199,vc
https://rism.online/sources/400216200,"va, fl, pno, db, cl"
https://rism.online/sources/400216201,ob
https://rism.online/sources/400216202,"va, ob, vc"
https://rism.online/sources/400196182,"db, va, vc"
https://rism.online/sources/400196229,"pno, vc, db, va, fl"
https://rism.online/sources/400196231,"cl, ob, db"
https://rism.online/sources/400196233,db
https://rism.online/sources/400196236,cl
https://rism.online/sources/400196239,"fl, vl, va, cl, db, pno"
https://rism.online/sources/400196240,"fl, db, vl, vc, va, ob"
https://rism.online/sources/400196242,"vc, va, vl"
https://rism.online/sources/400196244,"vc, cl, vl, va, ob, pno"
https://rism.online/sources/400196245,"fl, db, vl"
https://rism.online/sources/400196247,"ob, va, vl, cl, db, vc"
https://rism.online/sources/400196248,"ob, pno, fl, vl, vc, cl"
https://rism.online/sources/400196255,"db, vl, va, pno, cl"
https://rism.online/sources/400216109,"pno, fl, vc, cl"
https://rism.online/sources/400216111,"vl, ob, vc"
https://rism.online/sources/400216112,vl
https://rism.online/sources/400216115,"pno, ob, vl, vc, cl, db"
https://rism.online/sources/400216119,"fl, vl, va, vc, ob, pno"
https://rism.online/sources/402002827,"vl, db, fl, va"
https://rism.online/sources/402002892,"va, ob, cl, vl, pno, fl"
https://rism.online/sources/402003060,"db, cl, vc, ob, pno, vl"
https://rism.online/sources/402003061,"db, cl, ob"
https://rism.online/sources/402003068,"vl, cl"
https://rism.online/sources/402003072,"va, pno, cl, ob, vc"
https://rism.online/sources/402003074,"cl, pno, vc, ob"
https://rism.online/sources/402003077,"db, ob, fl"
https://rism.online/sources/402003078,"va, vc, cl, ob"
https://rism.online/sources/402003081,"cl, vc"
https://rism.online/sources/402003082,"cl, db, fl, va, vl"
https://rism.online/sources/402003085,"pno, cl"
https://rism.online/sources/402003086,"ob, va, db, pno, fl, vc"
https://rism.online/sources/402003087,"pno, va, db"
https://rism.online/sources/402003088,"fl, va, cl, db, pno"
https://rism.online/sources/402003109,"pno, ob, db"
https://rism.online/sources/402003110,"db, va, vl, fl"
https://rism.online/sources/402003114,cl
https://rism.online/sources/402003121,"cl, fl, vl, db, pno"
https://rism.online/sources/402003149,"vl, ob, cl"
https://rism.online/sources/402003105,"cl, vl"
https://rism.online/sources/402003106,"cl, db, ob, vl"
https://rism.online/sources/402003107,"cl, va"
https://rism.online/sources/402003108,"fl, va"
https://rism.online/sources/402003116,"vl, pno"
https://rism.online/sources/402003117,"vc, cl, fl, db, ob"
https://rism.online/sources/402003119,fl
https://rism.online/sources/402003122,"vc, cl"
https://rism.online/sources/402003123,"vc, pno, cl, vl"
https://rism.online/sources/402003125,db
https://rism.online/sources/402003128,cl
https://rism.online/sources/402003129,"ob, pno, cl, vl, fl"
https://rism.online/sources/402003138,"cl, pno, va, vl"
https://rism.online/sources/402003139,cl
https://rism.online/sources/402003140,"vl, fl, ob"
https://rism.online/sources/402003141,"fl, db, vc"
https://rism.online/sources/402003142,"vl, pno, cl"
https://rism.online/sources/402003143,"vc, va, vl, pno, fl"
https://rism.online/sources/402003146,"vc, va, cl, vl, fl"
https://rism.online/sources/400196183,"db, ob, va"
https://rism.online/sources/400196193,"va, db, pno, cl, vc"
https://rism.online/sources/400196225,"pno, db, vc, vl"
https://rism.online/sources/400196227,"db, pno, fl"
https://rism.online/sources/400196228,"vl, ob, va, db"
https://rism.online/sources/400196252,"vl, ob, db, va, fl"
https://rism.online/sources/402003065,"va, ob, db, fl"
https://rism.online/sources/402003073,"pno, cl, vc, ob, db, vl"
https://rism.online/sources/402003075,va
https://rism.online/sources/402003076,"vc, va, cl"
https://rism.online/sources/402003079,"pno, va, vl, ob, fl"
https://rism.online/sources/402003080,pno
https://rism.online/sources/402003083,"ob, cl, vl, va, fl"
https://rism.online/sources/402003084,"cl, db, ob, vl"
https://rism.online/sources/402003089,"ob, vl, fl, cl"
https://rism.online/sources/402003090,"vl, vc, pno"
https://rism.online/sources/402003112,"pno, vc, vl"
https://rism.online/sources/402003113,"vl, vc, ob, cl"
https://rism.online/sources/402003118,"db, ob"
https://rism.online/sources/402003120,"db, va"
https://rism.online/sources/1001239385,va
https://rism.online/sources/1001239386,"va, fl, db"
https://rism.online/sources/1001245646,"vc, pno, fl, ob, cl"