https://rism.online/sources/1001248899,"pno, ob, bn, fl, tba"
https://rism.online/sources/1001227215,"pno, bn, fl, vl"
https://rism.online/sources/400196930,tr
https://rism.online/sources/400196263,bn
https://rism.online/sources/400216093,va
https://rism.online/sources/400216094,"pno, ob, vc, hn, tba"
https://rism.online/sources/400216120,"cl, hn, va, tbn, bn"
https://rism.online/sources/400216166,"tbn, ob, hn"
https://rism.online/sources/400216247,"fl, tr"
https://rism.online/sources/400253234,"ob, fl, cl, vc"
https://rism.online/sources/400253294,"cl, tbn, fl, ob, bn"
https://rism.online/sources/402002576,"tba, vc, db"
https://rism.online/sources/402002586,pno
https://rism.online/sources/402002595,"vl, tba, pno"
https://rism.online/sources/402002618,"tba, tbn, ob, fl"
https://rism.online/sources/402002623,tba
https://rism.online/sources/402002629,"tbn, pno"
https://rism.online/sources/402002658,"hn, tbn"
https://rism.online/sources/402002664,"va, tr, db, cl"
https://rism.online/sources/402002667,"pno, tbn, hn"
https://rism.online/sources/402002687,"bn, fl"
https://rism.online/sources/402002690,"cl, pno"
https://rism.online/sources/402002695,cl
https://rism.online/sources/402002699,"tba, tbn, fl, db"
https://rism.online/sources/402002703,"ob, tbn, cl"
https://rism.online/sources/402002707,"hn, ob, bn"
https://rism.online/sources/402002710,"hn, bn, tbn"
https://rism.online/sources/402002713,"hn, tbn, db, ob, bn"
https://rism.online/sources/402002716,"tba, pno, tr, tbn"
https://rism.online/sources/402002722,hn
https://rism.online/sources/402002732,"ob, fl, tbn, va"
https://rism.online/sources/402002741,tbn
https://rism.online/sources/402002746,"vl, pno, ob"
https://rism.online/sources/402002760,"vc, vl"
https://rism.online/sources/402002766,"vl, hn, tba, cl"
https://rism.online/sources/402002769,pno
https://rism.online/sources/402002776,"vl, tr, tbn"
https://rism.online/sources/402002780,"pno, vc, tbn, va"
https://rism.online/sources/402002784,"fl, va, hn, db, bn"
https://rism.online/sources/402002798,bn
https://rism.online/sources/402002803,"vc, fl"
https://rism.online/sources/402002811,tr
https://rism.online/sources/402002814,"ob, fl"
https://rism.online/sources/402002818,"fl, tbn, ob, bn"
https://rism.online/sources/402002823,"vl, va"
https://rism.online/sources/402002842,pno
https://rism.online/sources/402003134,"fl, tbn"
https://rism.online/sources/400196905,bn
https://rism.online/sources/400196195,tba
https://rism.online/sources/400216125,"fl, tr, hn, db, vl"
https://rism.online/sources/400216133,"fl, tba, bn, vl"
https://rism.online/sources/400216180,"bn, pno, tba"
https://rism.online/sources/400216217,"hn, db"
https://rism.online/sources/400216219,va
https://rism.online/sources/400216221,"bn, hn, tba, cl, va"
https://rism.online/sources/400216235,"cl, fl, hn"
https://rism.online/sources/400196184,"tba, vl, bn, tr"
https://rism.online/sources/400196256,"ob, tr"
https://rism.online/sources/402002829,"hn, fl, va, tba, pno"
https://rism.online/sources/402003062,"va, tr, hn, pno, cl"
https://rism.online/sources/402003091,"ob, tr"
https://rism.online/sources/1001249133,"ob, fl, vc, pno"
https://rism.online/sources/990010441,"tba, va, tbn, ob"
https://rism.online/sources/990008505,ob
https://rism.online/sources/990010170,"tr, vc, tba, pno, tbn"
https://rism.online/sources/990010196,"db, tbn, bn"
https://rism.online/sources/990010201,"tr, tba, vc"
https://rism.online/sources/990010208,"vc, fl, ob, cl"
https://rism.online/sources/990010209,db
https://rism.online/sources/990012319,"cl, pno, tbn, bn, tba"
https://rism.online/sources/990010588,"bn, va, tbn, tr"
https://rism.online/sources/990010589,"vl, tr, fl, hn"
https://rism.online/sources/990010590,"ob, fl, tba, vl"
https://rism.online/sources/990013683,"ob, vc, cl"
https://rism.online/sources/990013684,"bn, fl, tr"
https://rism.online/sources/990015865,"va, tr, fl"
https://rism.online/sources/990016855,"hn, vc, tbn, bn"
https://rism.online/sources/990015557,vc
https://rism.online/sources/990015559,fl
https://rism.online/sources/990019172,"tbn, db"
https://rism.online/sources/990017704,"va, vl, hn"
https://rism.online/sources/990018763,"tr, pno, hn, ob"
https://rism.online/sources/990020552,"hn, tba, vl, tbn"
https://rism.online/sources/990018958,pno
https://rism.online/sources/990018959,"bn, hn, tbn"
https://rism.online/sources/990022400,"bn, hn, ob, tr, cl"
https://rism.online/sources/990023132,"hn, ob, bn, vl"
https://rism.online/sources/990023763,"va, cl, pno, vl, bn"
https://rism.online/sources/990022150,"tr, cl, vc, tbn, tba"
https://rism.online/sources/990026466,"hn, tbn, pno"
https://rism.online/sources/990027017,"vc, db, tr, tbn, cl"
https://rism.online/sources/990032313,"vc, ob"
https://rism.online/sources/990032323,vl
https://rism.online/sources/990028686,"ob, bn, fl, pno, vl"
https://rism.online/sources/990032927,"tba, db, pno, cl"
https://rism.online/sources/990032937,"tba, vc, fl"
https://rism.online/sources/990032602,"tr, hn, fl, db, tbn"
https://rism.online/sources/990033654,vl
https://rism.online/sources/990033657,"tba, vc, vl, db"
https://rism.online/sources/990033854,"fl, vc, va, db"
https://rism.online/sources/990034038,"ob, va, db, tbn"
https://rism.online/sources/990034639,"vc, fl, ob, va, tbn"
https://rism.online/sources/990034640,"va, ob, bn, pno, hn"
https://rism.online/sources/990034646,"ob, va, vl"
https://rism.online/sources/990034650,"vc, fl, vl, cl"
https://rism.online/sources/990034651,"vl, vc"
https://rism.online/sources/990035629,"vl, hn, va, tr, bn"
https://rism.online/sources/990035667,vc
https://rism.online/sources/990035673,"ob, va"
https://rism.online/sources/990032498,"va, tba"
https://rism.online/sources/990032945,"tbn, vl, hn, bn, cl"
https://rism.online/sources/990034409,"db, pno, hn, vc"
https://rism.online/sources/990034093,"tr, fl, hn, vc"
https://rism.online/sources/990034527,"hn, fl"
https://rism.online/sources/990034538,"db, tr, tbn, pno"
https://rism.online/sources/990035249,db
https://rism.online/sources/990035256,db
https://rism.online/sources/990035260,"pno, bn, vc"
https://rism.online/sources/990035261,"db, vl"
https://rism.online/sources/990034359,"ob, bn"
https://rism.online/sources/990035640,"tr, pno, db, fl"
https://rism.online/sources/990035649,"vl, tbn, cl, db, vc"
https://rism.online/sources/990035664,"cl, db"
https://rism.online/sources/990038588,"tba, tbn, ob, pno, fl"
https://rism.online/sources/990040500,"tba, fl, bn"
https://rism.online/sources/990040516,vc
https://rism.online/sources/990041645,"tbn, cl"
https://rism.online/sources/990041727,"hn, tba, vc, cl, vl"
https://rism.online/sources/990047581,"vl, cl, hn"
https://rism.online/sources/990043547,tbn
https://rism.online/sources/990043615,"tr, ob, tba"
https://rism.online/sources/990045980,"tba, vc, fl, vl"
https://rism.online/sources/990048494,"pno, cl, vc"
https://rism.online/sources/990048495,"vc, db, hn, tr"
https://rism.online/sources/990048952,"bn, fl, vl"
https://rism.online/sources/990049339,"tbn, tba, db"
https://rism.online/sources/990049342,"tr, cl, tba"
https://rism.online/sources/990049363,hn
https://rism.online/sources/990049396,"va, cl"
https://rism.online/sources/990049397,"vl, vc, cl, tbn"
https://rism.online/sources/990053212,"vc, tr, pno"
https://rism.online/sources/990053562,hn
https://rism.online/sources/990050685,"db, pno, vl, hn"
https://rism.online/sources/990052440,"vl, hn, cl"
https://rism.online/sources/990052441,"vc, tr, fl, tba, pno"
https://rism.online/sources/990052442,"cl, tba, ob, bn"
https://rism.online/sources/990052443,"bn, tr, pno"
https://rism.online/sources/990053588,"ob, vl, tbn, va"
https://rism.online/sources/990053593,"tr, db, cl, va"
https://rism.online/sources/990054880,vc
https://rism.online/sources/990055488,"va, tbn, db"
https://rism.online/sources/990055492,"tbn, tr"
https://rism.online/sources/990055497,"vl, bn, tba"
https://rism.online/sources/990056204,fl
https://rism.online/sources/990056224,"vl, tbn, pno, tba, va"
https://rism.online/sources/990056639,"tr, vc, cl, db, vl"
https://rism.online/sources/990060227,"bn, tbn, pno"
https://rism.online/sources/990060160,"pno, ob, va, cl, db"
https://rism.online/sources/990058801,"cl, tba"
https://rism.online/sources/990058819,tr
https://rism.online/sources/990058820,"tr, cl, tbn"
https://rism.online/sources/990057519,"vl, ob"
https://rism.online/sources/990057520,"tba, vc, va"
https://rism.online/sources/990058158,"tbn, hn, vc, vl"
https://rism.online/sources/990058159,"cl, vl, bn, va, hn"
https://rism.online/sources/990058160,"tba, cl, pno, vl"
https://rism.online/sources/990058351,"va, pno, vl, cl"
https://rism.online/sources/990058355,"tr, hn"
https://rism.online/sources/990058357,"tba, hn, bn"
https://rism.online/sources/990058370,"cl, ob"
https://rism.online/sources/990058372,db
https://rism.online/sources/990058401,vc
https://rism.online/sources/990058405,"db, fl, cl, bn"
https://rism.online/sources/990058423,"tr, db, vl"
https://rism.online/sources/990058425,"bn, vl, tbn, va"
https://rism.online/sources/990062019,"bn, tr"
https://rism.online/sources/990058435,"vc, hn, db, vl"
https://rism.online/sources/990058439,"cl, pno, vl, ob, db"
https://rism.online/sources/990058446,ob
https://rism.online/sources/990063594,"pno, vc, bn"
https://rism.online/sources/990057709,tr
https://rism.online/sources/990017172,"tr, ob, hn, tbn"
https://rism.online/sources/990019228,vc
https://rism.online/sources/990021773,"hn, cl"
https://rism.online/sources/990025863,"vc, cl, vl, pno"
https://rism.online/sources/990022294,hn
https://rism.online/sources/990023087,"vc, tbn, hn, bn, vl"
https://rism.online/sources/990026679,"tbn, va"
https://rism.online/sources/990025475,"hn, vl, tr, tbn, bn"
https://rism.online/sources/990028580,cl
https://rism.online/sources/990032852,fl
https://rism.online/sources/990027641,"tba, fl, tr, pno, bn"
https://rism.online/sources/990032894,"bn, vl, db"
https://rism.online/sources/990033000,bn
https://rism.online/sources/990034430,"vc, va, tba"
https://rism.online/sources/990034913,"vc, pno"
https://rism.online/sources/990035617,"tba, tr, bn, hn, tbn"
https://rism.online/sources/990035619,ob
https://rism.online/sources/990038238,ob
https://rism.online/sources/990039361,"tbn, db"
https://rism.online/sources/990038595,"tr, va, tba"
https://rism.online/sources/990038605,db
https://rism.online/sources/990040613,"fl, hn, db, ob"
https://rism.online/sources/990039100,"vc, bn, cl"
https://rism.online/sources/990045454,"bn, va, tbn, vc, ob"
https://rism.online/sources/990047595,"bn, pno, vl, ob"
https://rism.online/sources/990048128,"db, hn"
https://rism.online/sources/990021880,"tba, db, fl, va"
https://rism.online/sources/990025854,"va, tba, vc"
https://rism.online/sources/990026220,fl
https://rism.online/sources/990026221,"tbn, pno, fl, cl"
https://rism.online/sources/990028263,"tbn, ob, tr, va"
https://rism.online/sources/990032402,ob
https://rism.online/sources/990027655,va
https://rism.online/sources/990032957,"tr, ob, db"
https://rism.online/sources/990034555,"cl, va"
https://rism.online/sources/990034612,"db, pno, fl, tba"
https://rism.online/sources/990034618,"vc, hn, vl, tbn"
https://rism.online/sources/990034619,"cl, tr, bn, tba, tbn"
https://rism.online/sources/990034855,"hn, va"
https://rism.online/sources/990033315,"cl, vl, hn, tr, db"
https://rism.online/sources/990035024,"hn, va, tba, cl"
https://rism.online/sources/990037721,"fl, cl, db"
https://rism.online/sources/990037417,"pno, tba, tbn, vl"
https://rism.online/sources/990037452,"tba, vl, bn, cl"
https://rism.online/sources/990037453,"ob, vl, tbn, vc"
https://rism.online/sources/990029197,"bn, va, db"
https://rism.online/sources/990040138,"vc, vl, db"
https://rism.online/sources/990038331,"pno, vl, hn, bn"
https://rism.online/sources/990038340,"tba, vl, cl, pno, tr"
https://rism.online/sources/990038341,"tba, tbn, vc, bn"
https://rism.online/sources/990038569,"tbn, vc"
https://rism.online/sources/990038579,"hn, fl"
https://rism.online/sources/990040564,"ob, vl, pno, vc"
https://rism.online/sources/990038622,"vc, tr"
https://rism.online/sources/990038632,fl
https://rism.online/sources/990040779,"hn, va"
https://rism.online/sources/990038879,vc
https://rism.online/sources/990038971,va
https://rism.online/sources/990039033,"ob, db, vl, va"
https://rism.online/sources/990044327,"bn, vc"
https://rism.online/sources/990047626,"va, pno"
https://rism.online/sources/990046045,"cl, tr, vc"
https://rism.online/sources/990046064,"tba, vc, hn"
https://rism.online/sources/990050610,"db, cl, fl, ob"
https://rism.online/sources/990053550,"tba, pno, tr"
https://rism.online/sources/990054743,vl
https://rism.online/sources/990050394,"va, pno"
https://rism.online/sources/990050519,"va, pno, tr, fl, tba"
https://rism.online/sources/990052797,ob
https://rism.online/sources/990001924,cl
https://rism.online/sources/990002131,bn
https://rism.online/sources/990000262,cl
https://rism.online/sources/990000450,"cl, fl, pno, hn"
https://rism.online/sources/990002801,"vc, tba, vl"
https://rism.online/sources/990006491,"db, vl"
https://rism.online/sources/990003240,"vc, vl, fl, bn"
https://rism.online/sources/990003294,"cl, tbn"
https://rism.online/sources/990003322,"vc, tr, db, cl"
https://rism.online/sources/990005924,"vc, vl, db"
https://rism.online/sources/990003486,tbn
https://rism.online/sources/990003500,"tbn, cl, pno"
https://rism.online/sources/990007130,bn
https://rism.online/sources/990008751,"pno, vl, ob, hn"
https://rism.online/sources/990010244,"va, cl, bn, tr, vc"
https://rism.online/sources/990010330,"vl, tbn, bn"
https://rism.online/sources/990008469,"fl, bn, tbn, ob, pno"
https://rism.online/sources/990008494,"db, fl, tba, pno"
https://rism.online/sources/990008497,"fl, ob, pno"
https://rism.online/sources/990000106,"tba, db, vc, cl"
https://rism.online/sources/990002955,tba
https://rism.online/sources/990003029,"tr, pno, fl, vc"
https://rism.online/sources/990003030,"fl, tbn, tba, hn"
https://rism.online/sources/990003034,"tr, vc, hn, pno"
https://rism.online/sources/990003047,"cl, hn, tr"
https://rism.online/sources/990003052,"ob, tr, bn"
https://rism.online/sources/990003058,"db, vl, vc"
https://rism.online/sources/990003067,db
https://rism.online/sources/990003076,"ob, bn, db, tba"
https://rism.online/sources/990003103,"pno, fl, tr"
https://rism.online/sources/990005546,"db, cl, tba"
https://rism.online/sources/990003224,tbn
https://rism.online/sources/990005784,"tbn, db"
https://rism.online/sources/990003280,"vc, pno"
https://rism.online/sources/990003315,"ob, tr, db, fl, pno"
https://rism.online/sources/990003325,fl
https://rism.online/sources/990003356,"tba, pno, bn"
https://rism.online/sources/990003375,"ob, cl"
https://rism.online/sources/990003437,"vc, vl, bn, pno"
https://rism.online/sources/990003438,"hn, db"
https://rism.online/sources/990003439,"ob, tr"
https://rism.online/sources/990003440,tbn
https://rism.online/sources/990003449,"vl, fl, tba, db, va"
https://rism.online/sources/990003450,bn
https://rism.online/sources/990007038,"cl, ob"
https://rism.online/sources/990003506,vl
https://rism.online/sources/990004660,"ob, tba, db"
https://rism.online/sources/990004677,"va, pno, tbn"
https://rism.online/sources/990010486,"pno, bn, ob"
https://rism.online/sources/990011181,"bn, tba, cl"
https://rism.online/sources/990011232,"tr, va, tbn"
https://rism.online/sources/990009808,cl
https://rism.online/sources/990011973,db
https://rism.online/sources/990011648,"tba, bn, tbn"
https://rism.online/sources/990011654,"pno, ob, tba, vc, hn"
https://rism.online/sources/990011674,"va, cl, hn, pno, vc"
https://rism.online/sources/990013439,tba
https://rism.online/sources/990012366,"tr, vc, fl, bn, tbn"
https://rism.online/sources/990010531,vl
https://rism.online/sources/990010537,bn
https://rism.online/sources/990010547,"tba, cl, va"
https://rism.online/sources/990013262,"pno, bn, db, cl, va"
https://rism.online/sources/990013750,"vc, ob, cl, fl"
https://rism.online/sources/990015558,"tbn, cl, pno, tba"
https://rism.online/sources/990017640,"tba, bn, va"
https://rism.online/sources/990019159,"tbn, ob"
https://rism.online/sources/990017174,"db, vc"
https://rism.online/sources/990019929,"tbn, hn, ob, fl"
https://rism.online/sources/990019932,"db, tba, bn, pno"
https://rism.online/sources/990018018,"tr, tba"
https://rism.online/sources/990020708,db
https://rism.online/sources/990020573,"vl, hn, fl"
https://rism.online/sources/990015809,"bn, tbn"
https://rism.online/sources/990021029,"va, cl, db, vl, fl"
https://rism.online/sources/990021030,"tr, cl"
https://rism.online/sources/990021124,"tbn, cl, tba"
https://rism.online/sources/990025585,tba
https://rism.online/sources/990022808,vc
https://rism.online/sources/990024013,"db, ob, bn, vl, tba"
https://rism.online/sources/990023303,"vc, cl, hn, db, va"
https://rism.online/sources/990025846,"vl, ob"
https://rism.online/sources/990025847,"hn, fl, vl, db"
https://rism.online/sources/990022219,"tr, tbn, ob, pno"
https://rism.online/sources/990022235,"tba, vl, fl"
https://rism.online/sources/990023910,"tbn, pno"
https://rism.online/sources/990025458,"tba, ob"
https://rism.online/sources/990025483,vl
https://rism.online/sources/990027010,va
https://rism.online/sources/990027014,"db, ob, vc, fl, hn"
https://rism.online/sources/990027015,"vc, fl, cl, ob, tbn"
https://rism.online/sources/990027016,"ob, pno, tbn, db"
https://rism.online/sources/990028039,"ob, tr, db, vc"
https://rism.online/sources/990035643,pno
https://rism.online/sources/990035941,"tba, fl"
https://rism.online/sources/990037784,"hn, db, cl, vc"
https://rism.online/sources/990038587,tbn
https://rism.online/sources/990040476,"tr, tbn"
https://rism.online/sources/990041673,"tba, pno, ob"
https://rism.online/sources/990041773,"ob, fl, cl, vl, tr"
https://rism.online/sources/990040720,db
https://rism.online/sources/990040754,"bn, vc, fl, cl, ob"
https://rism.online/sources/990039753,"bn, ob, db"
https://rism.online/sources/990039814,"vl, tba, tbn"
https://rism.online/sources/990044958,"fl, cl, tr, vl, pno"
https://rism.online/sources/990043265,vl
https://rism.online/sources/990049122,"va, tba, pno"
https://rism.online/sources/990049417,"tbn, fl, pno, vc, cl"
https://rism.online/sources/990049581,"cl, tbn, va, tba"
https://rism.online/sources/990049603,fl
https://rism.online/sources/990053752,"fl, vc, pno, hn"
https://rism.online/sources/990003043,hn
https://rism.online/sources/990003083,vc
https://rism.online/sources/990003088,"pno, tba, cl, ob, bn"
https://rism.online/sources/990003099,"ob, hn, vl"
https://rism.online/sources/990003110,"fl, va"
https://rism.online/sources/990005756,"vc, vl, db"
https://rism.online/sources/990005861,"tba, va, vl, vc"
https://rism.online/sources/990003435,"cl, tr, pno"
https://rism.online/sources/990003436,bn
https://rism.online/sources/990006862,"vc, hn, va, tbn"
https://rism.online/sources/990007338,"ob, pno, vc, vl, tbn"
https://rism.online/sources/990004877,"ob, tr"
https://rism.online/sources/990005060,"tr, pno, fl, ob"
https://rism.online/sources/990008634,"pno, tr, db, va, ob"
https://rism.online/sources/990008411,"tbn, vl"
https://rism.online/sources/990008453,"tba, fl, pno, va"
https://rism.online/sources/990009502,"hn, tba, cl"
https://rism.online/sources/990008490,"tbn, fl, vc, hn"
https://rism.online/sources/990011146,"tr, cl, vl, db, bn"
https://rism.online/sources/990011163,"tbn, cl, tba, fl"
https://rism.online/sources/990011186,"tba, tbn, va"
https://rism.online/sources/990009725,"pno, hn"
https://rism.online/sources/990012635,"cl, tbn, pno, vc, ob"
https://rism.online/sources/990012084,"tbn, cl, db, tr, fl"
https://rism.online/sources/990010140,"vc, cl"
https://rism.online/sources/990010142,"tr, va"
https://rism.online/sources/990010151,"bn, ob, fl, tr, va"
https://rism.online/sources/990010175,"fl, vl, cl, pno"
https://rism.online/sources/990011736,"cl, tr, vc, hn"
https://rism.online/sources/990013485,"tr, fl"
https://rism.online/sources/990012490,"cl, va, pno"
https://rism.online/sources/990013670,"db, va, tba, hn, fl"
https://rism.online/sources/990013356,"tr, vc, ob"
https://rism.online/sources/990014022,"pno, va, hn"
https://rism.online/sources/990016730,"bn, cl, db, ob"
https://rism.online/sources/990016873,"ob, cl, fl, db"
https://rism.online/sources/990015483,cl
https://rism.online/sources/990017554,"pno, tbn, vl, ob, hn"
https://rism.online/sources/990019225,"fl, db, hn, tba, cl"
https://rism.online/sources/990019226,"fl, va"
https://rism.online/sources/990019227,tba
https://rism.online/sources/990018542,"tbn, tr, db"
https://rism.online/sources/990020270,"tbn, tba, pno"
https://rism.online/sources/990020738,"pno, tba, cl, tr"
https://rism.online/sources/990023157,"fl, hn, bn, tbn, vl"
https://rism.online/sources/990023164,"vl, ob"
https://rism.online/sources/990021749,"pno, hn"
https://rism.online/sources/990022905,"tba, bn"
https://rism.online/sources/990021872,"ob, hn, vc"
https://rism.online/sources/990025819,"tba, vc"
https://rism.online/sources/990025827,"tr, ob, tbn, va, vl"
https://rism.online/sources/990025828,vl
https://rism.online/sources/990025829,"db, va, cl, vl"
https://rism.online/sources/990025830,"vc, cl, vl, pno, bn"
https://rism.online/sources/990025895,"vl, vc, cl, hn, bn"
https://rism.online/sources/990023783,"tbn, ob, fl, bn"
https://rism.online/sources/990026143,"tbn, tba, ob"
https://rism.online/sources/990031708,"vl, tbn, fl, cl, db"
https://rism.online/sources/990031710,"vl, pno, fl, tba, va"
https://rism.online/sources/990031713,"db, pno, vc"
https://rism.online/sources/990031719,"ob, va"
https://rism.online/sources/990031728,ob
https://rism.online/sources/990031732,"fl, tr, db"
https://rism.online/sources/990027542,"tr, hn, db, vc, pno"
https://rism.online/sources/990032381,"vl, fl"
https://rism.online/sources/990002805,"vl, ob"
https://rism.online/sources/990002878,"hn, vc, bn"
https://rism.online/sources/990003093,"tr, tba, va"
https://rism.online/sources/990003114,"fl, bn, cl, ob, db"
https://rism.online/sources/990003119,"db, bn, tba, pno"
https://rism.online/sources/990003241,"vl, tbn"
https://rism.online/sources/990003244,"db, tr, fl, pno"
https://rism.online/sources/990003257,"hn, va, tbn"
https://rism.online/sources/990003258,"pno, vc, db"
https://rism.online/sources/990003305,"cl, vl, bn, tba, pno"
https://rism.online/sources/990003309,"tr, fl, vc, tbn"
https://rism.online/sources/990003357,tba
https://rism.online/sources/990003358,"pno, fl, hn, ob, va"
https://rism.online/sources/990003455,"va, hn"
https://rism.online/sources/990003476,"ob, tr, pno"
https://rism.online/sources/990004692,"vl, tr"
https://rism.online/sources/990004693,"bn, cl"
https://rism.online/sources/990004694,"ob, va"
https://rism.online/sources/990004695,"hn, tba, ob, fl"
https://rism.online/sources/990004699,pno
https://rism.online/sources/990005037,"db, tba"
https://rism.online/sources/990005054,"bn, tbn, hn, vc, pno"
https://rism.online/sources/990004306,db
https://rism.online/sources/990010346,vc
https://rism.online/sources/990010373,"hn, va, tr, db"
https://rism.online/sources/990010388,"fl, vl, tr, hn, cl"
https://rism.online/sources/990010412,"db, tba, vc, ob, bn"
https://rism.online/sources/990011060,"fl, tba, bn, vc, cl"
https://rism.online/sources/990011063,"va, db, vc, ob"
https://rism.online/sources/990011114,"cl, tbn"
https://rism.online/sources/990011130,"db, bn, hn"
https://rism.online/sources/990011949,"fl, vl, tbn, pno, hn"
https://rism.online/sources/990012018,"tr, bn, ob, tbn, cl"
https://rism.online/sources/990012286,tr
https://rism.online/sources/990012425,va
https://rism.online/sources/990013022,"tbn, cl, pno, fl, hn"
https://rism.online/sources/990010890,"tr, bn, tba, vc"
https://rism.online/sources/990015108,"vl, tr, bn"
https://rism.online/sources/990016083,"vl, tba, va"
https://rism.online/sources/990016144,ob
https://rism.online/sources/990016746,tr
https://rism.online/sources/990016757,"fl, pno"
https://rism.online/sources/990019896,"pno, hn"
https://rism.online/sources/990000260,"vl, hn, db, ob, tbn"
https://rism.online/sources/990000261,"tbn, pno, va"
https://rism.online/sources/990003487,"tba, hn, tr, bn"
https://rism.online/sources/990003516,"tbn, vl, db, fl"
https://rism.online/sources/990013700,"db, tba"
https://rism.online/sources/990013320,fl
https://rism.online/sources/990013405,"va, hn, fl, pno"
https://rism.online/sources/990013406,"vc, vl"
https://rism.online/sources/990013966,"ob, fl, tba, hn"
https://rism.online/sources/990018374,"fl, tr"
https://rism.online/sources/990019796,"bn, cl, hn, vl"
https://rism.online/sources/990025850,"vl, fl, va, pno"
https://rism.online/sources/990025865,va
https://rism.online/sources/990025867,"vc, hn, db, fl"
https://rism.online/sources/990025868,"bn, hn, vl"
https://rism.online/sources/990021969,"tbn, vl, hn, ob, vc"
https://rism.online/sources/990021990,"tba, bn, vl"
https://rism.online/sources/990023680,"va, vc, hn, tbn"
https://rism.online/sources/990026197,tr
https://rism.online/sources/990023098,"vc, cl, tba"
https://rism.online/sources/990027012,"fl, vc, cl"
https://rism.online/sources/990027013,bn
https://rism.online/sources/990058417,"fl, va"
https://rism.online/sources/990063593,"cl, hn"
https://rism.online/sources/990067593,"db, vc"
https://rism.online/sources/990070010,"va, vl"
https://rism.online/sources/990070031,va
https://rism.online/sources/990070311,"db, tbn"
https://rism.online/sources/991005799,"vc, tr"
https://rism.online/sources/991004436,"vc, pno, bn, cl, tba"
https://rism.online/sources/991013973,"vc, bn, fl, ob, tba"
https://rism.online/sources/991013975,"va, ob"
https://rism.online/sources/992006443,"vl, cl, pno"
https://rism.online/sources/992006445,"vl, bn"
https://rism.online/sources/992006447,"hn, bn, ob, va"
https://rism.online/sources/992006449,vc
https://rism.online/sources/992004400,"cl, tr, db"
https://rism.online/sources/990035605,"db, va, pno, fl"
https://rism.online/sources/990041759,"tbn, tba, ob, cl, fl"
https://rism.online/sources/990038657,tba
https://rism.online/sources/990038667,"va, tba"
https://rism.online/sources/990041423,"cl, tba, ob"
https://rism.online/sources/990042167,va
https://rism.online/sources/990047702,pno
https://rism.online/sources/990042542,"db, fl, vc"
https://rism.online/sources/990042543,hn
https://rism.online/sources/990042558,"tba, db, tbn, ob"
https://rism.online/sources/990045983,"db, bn"
https://rism.online/sources/990043660,"tr, ob, vc"
https://rism.online/sources/990046784,va
https://rism.online/sources/990048743,"tr, tbn, db, vc"
https://rism.online/sources/990048967,"fl, hn, pno, cl"
https://rism.online/sources/990048972,"va, tbn, hn, pno"
https://rism.online/sources/990050299,"hn, cl"
https://rism.online/sources/990050308,"db, ob, cl, tba"
https://rism.online/sources/990054709,"tbn, vl"
https://rism.online/sources/990054711,fl
https://rism.online/sources/990054719,"cl, tba, tbn"
https://rism.online/sources/990054234,"tbn, hn, vl"
https://rism.online/sources/990056206,"cl, vl, tbn, bn, pno"
https://rism.online/sources/990056218,tr
https://rism.online/sources/990056220,"tbn, ob"
https://rism.online/sources/990056223,"hn, vl, pno, va, db"
https://rism.online/sources/990056239,hn
https://rism.online/sources/990056240,"tba, fl, vc"
https://rism.online/sources/990056251,"ob, va, pno, tbn"
https://rism.online/sources/990056705,"fl, tba, vc, vl"
https://rism.online/sources/990057209,"fl, pno"
https://rism.online/sources/990057221,"bn, ob, tba, cl, tr"
https://rism.online/sources/990057226,"va, ob, tba"
https://rism.online/sources/990058605,"pno, cl, fl, va"
https://rism.online/sources/990061092,db
https://rism.online/sources/990061299,"bn, vl, fl"
https://rism.online/sources/990061403,"vl, tr"
https://rism.online/sources/990061428,"cl, db, fl"
https://rism.online/sources/990061496,"cl, bn, va"
https://rism.online/sources/990058149,cl
https://rism.online/sources/990058154,"vl, fl, tr"
https://rism.online/sources/990058155,"pno, tbn, ob, vc"
https://rism.online/sources/990058177,"db, vl"
https://rism.online/sources/990058178,"db, pno, ob, tba"
https://rism.online/sources/990058180,"cl, vl, va"
https://rism.online/sources/990058361,"vc, ob, va"
https://rism.online/sources/990058362,tr
https://rism.online/sources/990058366,bn
https://rism.online/sources/990058386,"bn, db, va"
https://rism.online/sources/990058389,"cl, fl, vl"
https://rism.online/sources/990058390,"tba, tr, hn, va, tbn"
https://rism.online/sources/990058394,"ob, tbn, vc, tr"
https://rism.online/sources/990058396,vc
https://rism.online/sources/990058398,cl
https://rism.online/sources/990058440,"cl, fl"
https://rism.online/sources/990059230,"pno, tbn, hn, cl, fl"
https://rism.online/sources/990062247,"tba, cl, vc, fl"
https://rism.online/sources/990065266,"vc, pno, bn, fl"
https://rism.online/sources/990065267,"vl, tba, pno"
https://rism.online/sources/990065312,bn
https://rism.online/sources/990065496,vl
https://rism.online/sources/990066119,"fl, pno, va, vc"
https://rism.online/sources/990067644,"vc, cl, db"
https://rism.online/sources/990072462,"cl, tbn, tba, vl, pno"
https://rism.online/sources/990072486,"db, tr, vc, hn"
https://rism.online/sources/990048421,"db, vl"
https://rism.online/sources/990046898,"ob, pno, vc"
https://rism.online/sources/990049257,"hn, vc, tba, bn"
https://rism.online/sources/990049360,"bn, fl"
https://rism.online/sources/990053208,tbn
https://rism.online/sources/990050211,"tbn, vl"
https://rism.online/sources/990054662,"hn, vl, cl, tr"
https://rism.online/sources/990053574,"fl, tba, ob, vc"
https://rism.online/sources/990058795,"tba, ob"
https://rism.online/sources/990061462,"fl, hn, bn, pno, tbn"
https://rism.online/sources/990061673,"tr, tbn, va, hn"
https://rism.online/sources/990068784,"fl, tba"
https://rism.online/sources/990071903,"pno, tba, vc, vl, fl"
https://rism.online/sources/990069506,"bn, db, va, hn"
https://rism.online/sources/991004351,"hn, tba, pno"
https://rism.online/sources/991012802,"tba, vl"
https://rism.online/sources/991014804,"tbn, tr"
https://rism.online/sources/991014022,"va, tba, cl"
https://rism.online/sources/991014108,"va, pno, db"
https://rism.online/sources/991007707,"bn, vc, ob, tr"
https://rism.online/sources/991016617,vl
https://rism.online/sources/991016618,"fl, tba, tbn, vl"
https://rism.online/sources/991016649,"fl, tbn"
https://rism.online/sources/991018812,"tba, cl, pno, tbn, va"
https://rism.online/sources/991018813,"vl, tbn, hn, tr, pno"
https://rism.online/sources/990050423,"ob, hn, tba, db, tr"
https://rism.online/sources/990052795,"vc, tr, ob"
https://rism.online/sources/990055495,"va, bn, tba, fl, vl"
https://rism.online/sources/990056709,"vl, vc, db, tba, tbn"
https://rism.online/sources/990061331,"hn, tba, pno, vl"
https://rism.online/sources/990063662,"db, hn, cl"
https://rism.online/sources/990064835,"tbn, fl, db, vc"
https://rism.online/sources/990064838,"hn, va"
https://rism.online/sources/990064842,"tbn, db"
https://rism.online/sources/990064845,"cl, fl, db"
https://rism.online/sources/990066523,pno
https://rism.online/sources/990071803,"cl, db, pno, tbn"
https://rism.online/sources/990071189,vl
https://rism.online/sources/990071894,ob
https://rism.online/sources/990069913,"db, vl, vc, tba"
https://rism.online/sources/991015568,"va, ob, tbn, db, vc"
https://rism.online/sources/991019649,"vl, tr, bn, tba"
https://rism.online/sources/991015929,"tba, bn, pno, vc, hn"
https://rism.online/sources/992002868,"vl, pno"
https://rism.online/sources/991029880,"cl, tbn, hn, fl, bn"
https://rism.online/sources/992001756,"bn, tba"
https://rism.online/sources/992001841,"vl, db"
https://rism.online/sources/992001876,"pno, ob, vc, tr"
https://rism.online/sources/992002401,"bn, vc, vl"
https://rism.online/sources/992006454,ob
https://rism.online/sources/992004384,fl
https://rism.online/sources/990043645,"tba, cl"
https://rism.online/sources/990046795,db
https://rism.online/sources/990046827,"tr, vc, pno, vl, fl"
https://rism.online/sources/990053580,fl
https://rism.online/sources/990055401,tba
https://rism.online/sources/990057184,"pno, vc, tbn"
https://rism.online/sources/990060097,"hn, vc"
https://rism.online/sources/990058379,"hn, vl, db, tbn, tr"
https://rism.online/sources/990062016,cl
https://rism.online/sources/990058429,"hn, tbn, pno"
https://rism.online/sources/990063704,"va, ob, vc, db, bn"
https://rism.online/sources/990063779,"tba, db, tr, ob, cl"
https://rism.online/sources/990064045,bn
https://rism.online/sources/990062255,"ob, bn, hn, tr, db"
https://rism.online/sources/990065234,"tbn, tba, vc, va, ob"
https://rism.online/sources/990065265,"bn, tr"
https://rism.online/sources/990066904,"ob, pno, fl, vc, db"
https://rism.online/sources/990068786,db
https://rism.online/sources/990068787,"ob, va, fl, tba"
https://rism.online/sources/990072347,"tbn, va, ob, hn, db"
https://rism.online/sources/990068879,"pno, fl"
https://rism.online/sources/990072696,"tba, bn"
https://rism.online/sources/990069216,"vc, hn, ob"
https://rism.online/sources/990071497,"ob, vl, va, hn"
https://rism.online/sources/990071498,cl
https://rism.online/sources/990069062,fl
https://rism.online/sources/990070555,"vc, db, ob, tbn, vl"
https://rism.online/sources/991012800,"va, tba, db, fl"
https://rism.online/sources/991017910,"cl, tba, hn, vl"
https://rism.online/sources/991017911,"ob, pno, tba"
https://rism.online/sources/992003685,"cl, db, va, vc"
https://rism.online/sources/992003936,vc
https://rism.online/sources/990054348,vl
https://rism.online/sources/990056734,"fl, tbn, hn, db"
https://rism.online/sources/990056895,"fl, cl"
https://rism.online/sources/990058376,"hn, vc"
https://rism.online/sources/990058381,"vl, fl, hn, cl, bn"
https://rism.online/sources/990058413,"va, tr, db, bn"
https://rism.online/sources/990062298,bn
https://rism.online/sources/990066838,"cl, tba, ob"
https://rism.online/sources/990066839,"pno, cl, tbn, tba"
https://rism.online/sources/990071989,"fl, tba, va, tbn, ob"
https://rism.online/sources/990072595,"tba, vl, ob, vc"
https://rism.online/sources/990072278,"tbn, pno, db, va, tba"
https://rism.online/sources/990070048,"bn, tbn, ob"
https://rism.online/sources/990073074,"vc, tba, vl, pno, cl"
https://rism.online/sources/990073091,"bn, tr, tbn"
https://rism.online/sources/990069665,hn
https://rism.online/sources/991003923,"va, tr, tba, db"
https://rism.online/sources/991014002,"cl, bn, hn, vl"
https://rism.online/sources/991018569,"tbn, pno, bn, db"
https://rism.online/sources/991018574,va
https://rism.online/sources/991018583,"cl, va, tba, vc"
https://rism.online/sources/991017784,"ob, fl"
https://rism.online/sources/991017620,"tba, tbn, tr, va"
https://rism.online/sources/991019289,"tr, tba, vc"
https://rism.online/sources/991018336,"tba, ob"
https://rism.online/sources/991015763,"vc, tbn, pno"
https://rism.online/sources/991019226,"cl, fl, db"
https://rism.online/sources/991020066,fl
https://rism.online/sources/991018317,"tr, tbn"
https://rism.online/sources/991021308,"db, vl, pno"
https://rism.online/sources/992001882,"hn, va, cl, tba, db"
https://rism.online/sources/992001888,"va, tba, db, fl, cl"
https://rism.online/sources/992001892,"tbn, vc"
https://rism.online/sources/992003688,"vl, db, vc, tbn"
https://rism.online/sources/992003689,"bn, ob"
https://rism.online/sources/992003705,"hn, cl, vl"
https://rism.online/sources/992004225,"va, bn, fl, vc"
https://rism.online/sources/992005164,"db, tbn, va, vc, hn"
https://rism.online/sources/991021779,"ob, pno, db, va, tba"
https://rism.online/sources/991029881,"tr, tbn"
https://rism.online/sources/992001802,tba
https://rism.online/sources/992001817,"ob, bn, vc, tbn"
https://rism.online/sources/992003303,"vc, db, hn, va"
https://rism.online/sources/991018833,"vl, va"
https://rism.online/sources/992005356,"cl, hn, bn, va, fl"
https://rism.online/sources/992005357,"tr, va"
https://rism.online/sources/992006840,"tba, bn, db, ob, pno"
https://rism.online/sources/992006969,fl
https://rism.online/sources/992000890,"fl, db, tba, ob, bn"
https://rism.online/sources/992006451,pno
https://rism.online/sources/992000521,"vl, ob, tbn"
https://rism.online/sources/1001208306,vc
https://rism.online/sources/1001208689,"pno, ob, hn, cl"
https://rism.online/sources/1001208690,"tba, va, tr, tbn, vc"
https://rism.online/sources/1001208691,"tbn, vc, pno"
https://rism.online/sources/1001228507,"vc, bn, vl, fl, cl"
https://rism.online/sources/990000654,"fl, ob, vc"
https://rism.online/sources/990001184,"va, tba, bn, db, fl"
https://rism.online/sources/990002861,"va, hn, vc, cl"
https://rism.online/sources/990003028,vc
https://rism.online/sources/990003033,"cl, vl, bn, hn, vc"
https://rism.online/sources/990003038,"tba, bn, tr, tbn, ob"
https://rism.online/sources/990003049,"tba, ob"
https://rism.online/sources/400196224,"fl, db"
https://rism.online/sources/400196230,"fl, tbn, pno, bn, vc"
https://rism.online/sources/400196232,"fl, vl"
https://rism.online/sources/400196235,"tba, cl, hn, vl"
https://rism.online/sources/400196237,"pno, tr, vl, db"
https://rism.online/sources/400196246,"ob, vl, hn"
https://rism.online/sources/400196249,"tba, tr, pno, ob"
https://rism.online/sources/400196250,"pno, db"
https://rism.online/sources/400196251,"vl, va"
https://rism.online/sources/400196254,"tbn, vl"
https://rism.online/sources/400216107,"tba, vl, tr, ob"
https://rism.online/sources/400216108,tbn
https://rism.online/sources/400216110,"tba, ob, pno, vc"
https://rism.online/sources/400216114,"va, tba, hn, vl, tr"
https://rism.online/sources/400216118,"db, cl, tr, hn"
https://rism.online/sources/400216197,"ob, fl, hn, db"
https://rism.online/sources/400216203,"bn, cl, vl"
https://rism.online/sources/400216204,"vc, vl, tba"
https://rism.online/sources/400216205,"tbn, vc, fl, va"
https://rism.online/sources/400216206,tba
https://rism.online/sources/400216207,"tr, cl, bn, tba, vc"
https://rism.online/sources/400216208,"ob, fl, vc, vl"
https://rism.online/sources/400216209,"hn, va, ob"
https://rism.online/sources/400216210,"pno, db"
https://rism.online/sources/400216211,"va, pno"
https://rism.online/sources/400216212,tr
https://rism.online/sources/400216213,"db, cl, vl, fl, tba"
https://rism.online/sources/400216214,"vc, tba, fl, va, hn"
https://rism.online/sources/400216215,"cl, bn"
https://rism.online/sources/400216216,"hn, tr, bn, vc"
https://rism.online/sources/402002579,"tba, vl"
https://rism.online/sources/402002580,db
https://rism.online/sources/402002581,"va, ob, tr, cl, tbn"
https://rism.online/sources/402002582,bn
https://rism.online/sources/402002583,"fl, va, tr"
https://rism.online/sources/402002584,"vc, vl"
https://rism.online/sources/402002585,"bn, pno"
https://rism.online/sources/402002589,"fl, hn"
https://rism.online/sources/402002593,"vl, tr, tbn, ob, tba"
https://rism.online/sources/402002594,"tbn, tr, cl"
https://rism.online/sources/402002599,pno
https://rism.online/sources/402002600,"hn, fl, vl, ob, db"
https://rism.online/sources/402002601,"tr, vc, va, tbn"
https://rism.online/sources/402002602,"vl, ob"
https://rism.online/sources/402002603,"tbn, vc, tba, cl, fl"
https://rism.online/sources/402002604,"fl, tba, pno"
https://rism.online/sources/402002605,"cl, tbn, tr, bn, ob"
https://rism.online/sources/402002606,"va, ob, tba, tr, vc"
https://rism.online/sources/402002607,"cl, tbn, bn"
https://rism.online/sources/402002608,"hn, fl, tba, va, bn"
https://rism.online/sources/402002609,"tbn, bn, hn, db, vc"
https://rism.online/sources/402002610,"tba, bn, vc, tr, db"
https://rism.online/sources/402002611,"pno, ob"
https://rism.online/sources/402002612,"bn, vl, db, tba"
https://rism.online/sources/402002613,"db, fl, bn, ob"
https://rism.online/sources/402002614,"db, tbn, hn"
https://rism.online/sources/402002615,"pno, bn"
https://rism.online/sources/402002616,"hn, cl, tba, fl, ob"
https://rism.online/sources/402002617,"cl, pno, ob, tbn"
https://rism.online/sources/402002622,"vl, va, pno, hn"
https://rism.online/sources/402002626,"pno, hn, bn, va, tbn"
https://rism.online/sources/402002627,"cl, hn, fl"
https://rism.online/sources/402002628,"tba, pno"
https://rism.online/sources/402002632,"tbn, cl, vc"
https://rism.online/sources/402002633,"tba, vl"
https://rism.online/sources/402002634,hn
https://rism.online/sources/402002635,bn
https://rism.online/sources/402002636,"tba, ob"
https://rism.online/sources/402002637,"tba, db, cl, tbn"
https://rism.online/sources/402002638,"vl, vc, tbn"
https://rism.online/sources/402002639,vl
https://rism.online/sources/402002657,bn
https://rism.online/sources/402002663,ob
https://rism.online/sources/402002673,"cl, hn, vc, bn, fl"
https://rism.online/sources/402002674,"tba, vl"
https://rism.online/sources/402002675,"tr, hn, va, ob, bn"
https://rism.online/sources/402002676,vl
https://rism.online/sources/402002677,"bn, hn, ob"
https://rism.online/sources/402002678,"tba, va, cl, ob"
https://rism.online/sources/402002679,"tba, vl, pno, tr"
https://rism.online/sources/402002680,"va, hn"
https://rism.online/sources/402002681,"pno, ob, va, tbn"
https://rism.online/sources/402002682,"vl, pno"
https://rism.online/sources/402002683,vl
https://rism.online/sources/402002684,"hn, cl"
https://rism.online/sources/402002685,"tba, vl, db, va, bn"
https://rism.online/sources/402002686,"db, vc, pno, tr"
https://rism.online/sources/402002694,tbn
https://rism.online/sources/402002698,"db, vc, pno"
https://rism.online/sources/402002702,"hn, tba, db, bn"
https://rism.online/sources/402002706,db
https://rism.online/sources/402002719,"ob, va"
https://rism.online/sources/402002720,vl
https://rism.online/sources/402002721,"fl, tbn, bn, hn"
https://rism.online/sources/402002727,"tr, tbn, db"
https://rism.online/sources/402002728,"ob, pno, bn, db"
https://rism.online/sources/402002729,"db, ob, va, fl, cl"
https://rism.online/sources/402002730,"pno, fl"
https://rism.online/sources/402002731,"cl, va, vl"
https://rism.online/sources/402002735,"db, ob, tba, cl, bn"
https://rism.online/sources/402002736,"vc, tba, db"
https://rism.online/sources/402002737,tba
https://rism.online/sources/402002738,bn
https://rism.online/sources/402002744,"va, bn"
https://rism.online/sources/402002745,"vc, tr, ob"
https://rism.online/sources/402002759,"cl, tr, hn"
https://rism.online/sources/402002763,"tbn, fl, cl, vl"
https://rism.online/sources/402002764,"pno, db, ob, cl, tbn"
https://rism.online/sources/402002765,"fl, va"
https://rism.online/sources/402002774,va
https://rism.online/sources/402002775,tbn
https://rism.online/sources/402002779,"bn, tba, db, hn"
https://rism.online/sources/402002787,hn
https://rism.online/sources/402002788,pno
https://rism.online/sources/402002789,vc
https://rism.online/sources/402002790,"hn, ob"
https://rism.online/sources/402002791,tr
https://rism.online/sources/402002792,"ob, tbn, db, va"
https://rism.online/sources/402002793,"vl, vc, db, fl"
https://rism.online/sources/402002794,"hn, va, ob, fl, cl"
https://rism.online/sources/402002795,"pno, va, tr, vl"
https://rism.online/sources/402002796,"tr, db, vl, hn"
https://rism.online/sources/402002797,"vc, cl, db, tbn"
https://rism.online/sources/402002801,tba
https://rism.online/sources/402002802,"hn, pno"
https://rism.online/sources/402002806,"va, ob"
https://rism.online/sources/402002807,"cl, tba, pno"
https://rism.online/sources/402002808,"vc, pno"
https://rism.online/sources/402002809,"hn, tbn, vl, cl, bn"
https://rism.online/sources/402002810,vc
https://rism.online/sources/402002817,"va, vc, tba, pno, ob"
https://rism.online/sources/402002821,"va, fl"
https://rism.online/sources/402002822,"tbn, cl, hn"
https://rism.online/sources/402002888,"bn, hn"
https://rism.online/sources/402002935,"vl, va"
https://rism.online/sources/402003025,"bn, pno"
https://rism.online/sources/402003066,"pno, va, tba, vl, db"
https://rism.online/sources/402003067,"pno, fl, cl"
https://rism.online/sources/402003069,hn
https://rism.online/sources/402003070,"tr, hn"
https://rism.online/sources/402003071,"hn, tr, cl, tba, pno"
https://rism.online/sources/402003102,hn
https://rism.online/sources/402003103,"ob, pno, tba"
https://rism.online/sources/402003104,"fl, vc, tba, db"
https://rism.online/sources/402003111,"va, tba"
https://rism.online/sources/402003115,"fl, vl, pno"
https://rism.online/sources/402003124,"pno, cl, ob, tbn"
https://rism.online/sources/402003126,bn
https://rism.online/sources/402003127,"cl, tbn, tr, tba, hn"
https://rism.online/sources/402003130,"cl, hn, ob"
https://rism.online/sources/402003131,"va, tr"
https://rism.online/sources/402003132,"db, tbn, fl, va"
https://rism.online/sources/402003133,"tba, tr"
https://rism.online/sources/402003144,"bn, hn, vl"
https://rism.online/sources/402003145,fl
https://rism.online/sources/402003150,"hn, fl, cl, tr"
https://rism.online/sources/402003170,bn
https://rism.online/sources/400167112,"bn, ob, pno, tba"
https://rism.online/sources/400196194,"vc, va, tbn, vl, db"
https://rism.online/sources/400196226,va
https://rism.online/sources/400196234,vc
https://rism.online/sources/400196238,vl
https://rism.online/sources/400196241,"fl, va, vc, vl"
https://rism.online/sources/400196243,"vc, fl, bn"
https://rism.online/sources/400196253,"ob, tr, vl"
https://rism.online/sources/400196265,"ob, vl, db"
https://rism.online/sources/400216090,"cl, pno, hn, vl"
https://rism.online/sources/400216091,"va, tr, fl, bn, tba"
https://rism.online/sources/400216092,"fl, cl, tr"
https://rism.online/sources/400216116,"pno, tbn, cl, vl, db"
https://rism.online/sources/400216117,"tba, bn, vl, hn"
https://rism.online/sources/400216123,"fl, bn, hn"
https://rism.online/sources/400216124,"bn, va, vc, db"
https://rism.online/sources/400216132,"cl, tba, ob, bn"
https://rism.online/sources/400216193,"fl, cl, hn, vl"
https://rism.online/sources/400216198,"ob, pno, fl, cl"
https://rism.online/sources/400216199,"tbn, db, pno, fl"
https://rism.online/sources/400216200,"bn, fl, db, tr, va"
https://rism.online/sources/400216201,"cl, pno, va"
https://rism.online/sources/400216202,"vl, tbn"
https://rism.online/sources/400196182,"tr, fl, cl, vc"
https://rism.online/sources/400196229,"bn, vc"
https://rism.online/sources/400196231,db
https://rism.online/sources/400196233,"pno, db, vc, vl"
https://rism.online/sources/400196236,"pno, bn, ob, tba, va"
https://rism.online/sources/400196239,"cl, vc, tr, va, vl"
https://rism.online/sources/400196240,fl
https://rism.online/sources/400196242,db
https://rism.online/sources/400196244,"tba, db, vc, pno"
https://rism.online/sources/400196245,"tr, tbn, vc, bn"
https://rism.online/sources/400196247,"ob, hn, tbn, tba"
https://rism.online/sources/400196248,"ob, hn"
https://rism.online/sources/400196255,"tr, fl, hn, db"
https://rism.online/sources/400216109,"fl, pno, ob, vc, tbn"
https://rism.online/sources/400216111,"va, tba, db, ob"
https://rism.online/sources/400216112,"cl, db"
https://rism.online/sources/400216115,"hn, db, ob, bn, tr"
https://rism.online/sources/400216119,"cl, db, tba"
https://rism.online/sources/402002827,vc
https://rism.online/sources/402002892,tbn
https://rism.online/sources/402003060,"tbn, hn, ob, fl"
https://rism.online/sources/402003061,"fl, tba"
https://rism.online/sources/402003068,"bn, cl"
https://rism.online/sources/402003072,"ob, cl, hn, tbn"
https://rism.online/sources/402003074,"vl, hn"
https://rism.online/sources/402003077,"db, tbn"
https://rism.online/sources/402003078,"vc, bn, cl, vl, ob"
https://rism.online/sources/402003081,"tbn, ob, vl, pno, tr"
https://rism.online/sources/402003082,"pno, vl, hn, ob"
https://rism.online/sources/402003085,"tbn, ob"
https://rism.online/sources/402003086,"db, bn, va, tbn, fl"
https://rism.online/sources/402003087,fl
https://rism.online/sources/402003088,"vc, fl, vl"
https://rism.online/sources/402003109,cl
https://rism.online/sources/402003110,"tba, tr, db, vc"
https://rism.online/sources/402003114,"tbn, ob, vl"
https://rism.online/sources/402003121,"tr, tba"
https://rism.online/sources/402003149,vl
https://rism.online/sources/402003105,"cl, pno, hn"
https://rism.online/sources/402003106,tba
https://rism.online/sources/402003107,"db, vc, va, pno"
https://rism.online/sources/402003108,"db, cl, bn"
https://rism.online/sources/402003116,"hn, tbn, fl"
https://rism.online/sources/402003117,"hn, vc, tr, vl"
https://rism.online/sources/402003119,"va, vc, bn, tr"
https://rism.online/sources/402003122,"hn, bn, vl"
https://rism.online/sources/402003123,"hn, tba, fl, tr, ob"
https://rism.online/sources/402003125,vc
https://rism.online/sources/402003128,ob
https://rism.online/sources/402003129,"cl, fl"
https://rism.online/sources/402003138,"va, tba"
https://rism.online/sources/402003139,"va, ob, vc"
https://rism.online/sources/402003140,"vc, pno"
https://rism.online/sources/402003141,"vl, pno, db, cl, tba"
https://rism.online/sources/402003142,"fl, vc, tr, hn, tba"
https://rism.online/sources/402003143,db
https://rism.online/sources/402003146,"tba, tr, cl"
https://rism.online/sources/400196183,cl
https://rism.online/sources/400196193,"hn, db, vl, ob, pno"
https://rism.online/sources/400196225,"tba, cl, ob, tr"
https://rism.online/sources/400196227,"va, cl"
https://rism.online/sources/400196228,"vl, hn, vc"
https://rism.online/sources/400196252,"tbn, vl, bn, db, pno"
https://rism.online/sources/402003065,"tba, bn, cl, db"
https://rism.online/sources/402003073,"ob, fl, cl, vc, tba"
https://rism.online/sources/402003075,"pno, fl"
https://rism.online/sources/402003076,"vc, vl, tbn, tr"
https://rism.online/sources/402003079,"pno, tbn"
https://rism.online/sources/402003080,cl
https://rism.online/sources/402003083,"tba, va, tr, hn"
https://rism.online/sources/402003084,"tr, va, tbn, bn, db"
https://rism.online/sources/402003089,"bn, pno, cl, vc"
https://rism.online/sources/402003090,"db, bn, tbn, tr, vl"
https://rism.online/sources/402003112,db
https://rism.online/sources/402003113,"tbn, bn, tba, pno"
https://rism.online/sources/402003118,vc
https://rism.online/sources/402003120,fl
https://rism.online/sources/1001239385,"bn, vl"
https://rism.online/sources/1001239386,"pno, tbn, hn, tba, db"
https://rism.online/sources/1001245646,"vl, tr"